file,round_idx,ticks,first_winner_side_ms,first_winner_ask_ms,ask_after_winner_ms,winner_bid_at_first_ask,winner_ask_at_first_ask,max_t_post_close_ms
polymarket.bnb-updown-5m.log.2026-04-18,0,45,,,,,,26431
polymarket.bnb-updown-5m.log.2026-04-18,1,51,,,,,,29993
polymarket.bnb-updown-5m.log.2026-04-18,2,48,,,,,,28272
polymarket.bnb-updown-5m.log.2026-04-18,3,46,,,,,,27192
polymarket.bnb-updown-5m.log.2026-04-18,4,45,,,,,,26581
polymarket.bnb-updown-5m.log.2026-04-18,5,44,,,,,,25912
polymarket.bnb-updown-5m.log.2026-04-18,6,45,,,,,,26547
polymarket.bnb-updown-5m.log.2026-04-18,7,47,,,,,,27653
polymarket.bnb-updown-5m.log.2026-04-18,8,48,,,,,,28302
polymarket.bnb-updown-5m.log.2026-04-18,9,44,,,,,,25824
polymarket.bnb-updown-5m.log.2026-04-18,10,47,,,,,,27783
polymarket.bnb-updown-5m.log.2026-04-18,11,37,,,,,,21675
polymarket.bnb-updown-5m.log.2026-04-18,12,47,,,,,,27729
polymarket.bnb-updown-5m.log.2026-04-18,13,49,,,,,,28923
polymarket.bnb-updown-5m.log.2026-04-18,14,33,,,,,,19337
polymarket.bnb-updown-5m.log.2026-04-18,15,47,,,,,,27614
polymarket.bnb-updown-5m.log.2026-04-18,16,49,,,,,,28968
polymarket.bnb-updown-5m.log.2026-04-18,17,48,,,,,,28362
polymarket.bnb-updown-5m.log.2026-04-18,18,49,,,,,,28922
polymarket.bnb-updown-5m.log.2026-04-18,19,47,,,,,,27664
polymarket.bnb-updown-5m.log.2026-04-18,20,18,,,,,,10263
polymarket.bnb-updown-5m.log.2026-04-18,21,48,,,,,,28266
polymarket.bnb-updown-5m.log.2026-04-18,22,47,,,,,,27738
polymarket.bnb-updown-5m.log.2026-04-18,23,46,,,,,,27147
polymarket.bnb-updown-5m.log.2026-04-18,24,50,,,,,,29518
polymarket.bnb-updown-5m.log.2026-04-18,25,40,,,,,,23482
polymarket.bnb-updown-5m.log.2026-04-18,26,46,,,,,,27009
polymarket.bnb-updown-5m.log.2026-04-18,27,14,,,,,,7944
polymarket.bnb-updown-5m.log.2026-04-18,28,26,,,,,,15075
polymarket.bnb-updown-5m.log.2026-04-18,29,53,,,,,,31043
polymarket.bnb-updown-5m.log.2026-04-18,31,25,,,,,,14419
polymarket.bnb-updown-5m.log.2026-04-18,32,36,,,,,,21096
polymarket.bnb-updown-5m.log.2026-04-18,33,17,,,,,,9674
polymarket.bnb-updown-5m.log.2026-04-18,34,49,,,,,,28885
polymarket.bnb-updown-5m.log.2026-04-18,35,37,,,,,,21640
polymarket.bnb-updown-5m.log.2026-04-18,36,48,,,,,,28277
polymarket.bnb-updown-5m.log.2026-04-18,37,53,2432,2432,0,0.991,0.999,31233
polymarket.bnb-updown-5m.log.2026-04-18,38,21,1215,,,,,12019
polymarket.bnb-updown-5m.log.2026-04-18,39,46,,,,,,27085
polymarket.bnb-updown-5m.log.2026-04-18,40,22,,,,,,12732
polymarket.bnb-updown-5m.log.2026-04-18,41,50,,,,,,29532
polymarket.bnb-updown-5m.log.2026-04-18,42,49,,,,,,28933
polymarket.bnb-updown-5m.log.2026-04-18,43,49,,,,,,28928
polymarket.bnb-updown-5m.log.2026-04-18,44,44,,,,,,25954
polymarket.bnb-updown-5m.log.2026-04-18,45,27,,,,,,15779
polymarket.bnb-updown-5m.log.2026-04-18,46,51,,,,,,30024
polymarket.bnb-updown-5m.log.2026-04-18,47,49,,,,,,28803
polymarket.bnb-updown-5m.log.2026-04-18,48,48,,,,,,28287
polymarket.bnb-updown-5m.log.2026-04-18,49,51,,,,,,30008
polymarket.bnb-updown-5m.log.2026-04-18,50,36,,,,,,21059
polymarket.bnb-updown-5m.log.2026-04-18,51,46,,,,,,27159
polymarket.bnb-updown-5m.log.2026-04-18,52,46,,,,,,27035
polymarket.bnb-updown-5m.log.2026-04-18,53,46,,,,,,27109
polymarket.bnb-updown-5m.log.2026-04-18,54,47,,,,,,27732
polymarket.bnb-updown-5m.log.2026-04-18,55,48,,,,,,28275
polymarket.bnb-updown-5m.log.2026-04-18,56,51,,,,,,30096
polymarket.bnb-updown-5m.log.2026-04-18,57,46,,,,,,27191
polymarket.bnb-updown-5m.log.2026-04-18,58,46,,,,,,27130
polymarket.bnb-updown-5m.log.2026-04-18,59,18,,,,,,10227
polymarket.bnb-updown-5m.log.2026-04-18,60,49,,,,,,28872
polymarket.bnb-updown-5m.log.2026-04-18,61,48,,,,,,28349
polymarket.bnb-updown-5m.log.2026-04-18,62,10,,,,,,5461
polymarket.bnb-updown-5m.log.2026-04-18,63,46,,,,,,27066
polymarket.bnb-updown-5m.log.2026-04-18,64,50,,,,,,29506
polymarket.bnb-updown-5m.log.2026-04-18,65,46,,,,,,26589
polymarket.bnb-updown-5m.log.2026-04-18,66,46,,,,,,27130
polymarket.bnb-updown-5m.log.2026-04-18,67,46,,,,,,27026
polymarket.bnb-updown-5m.log.2026-04-18,68,48,,,,,,28223
polymarket.bnb-updown-5m.log.2026-04-18,69,46,,,,,,27104
polymarket.bnb-updown-5m.log.2026-04-18,70,35,,,,,,20512
polymarket.bnb-updown-5m.log.2026-04-18,71,23,,,,,,13231
polymarket.bnb-updown-5m.log.2026-04-18,72,43,,,,,,25354
polymarket.bnb-updown-5m.log.2026-04-19,0,90,1904,1904,0,0.89,0.99,26539
polymarket.bnb-updown-5m.log.2026-04-19,1,92,1256,,,,,27135
polymarket.bnb-updown-5m.log.2026-04-19,2,86,1268,,,,,25300
polymarket.bnb-updown-5m.log.2026-04-19,3,94,1845,1845,0,0.93,0.99,27680
polymarket.bnb-updown-5m.log.2026-04-19,4,56,1242,1242,0,0.9,0.99,22932
polymarket.bnb-updown-5m.log.2026-04-19,5,22,1897,1897,0,0.9,0.99,12698
polymarket.bnb-updown-5m.log.2026-04-19,6,46,1824,1824,0,0.89,0.99,27024
polymarket.bnb-updown-5m.log.2026-04-19,7,43,,,,,,25296
polymarket.bnb-updown-5m.log.2026-04-19,9,33,1327,1327,0,0.9,0.99,19360
polymarket.bnb-updown-5m.log.2026-04-19,10,50,1308,1308,0,0.9,0.99,29549
polymarket.bnb-updown-5m.log.2026-04-19,11,41,1821,,,,,24021
polymarket.bnb-updown-5m.log.2026-04-19,12,45,,,,,,26503
polymarket.bnb-updown-5m.log.2026-04-19,13,45,1260,1260,0,0.9,0.99,26460
polymarket.bnb-updown-5m.log.2026-04-19,14,38,1339,,,,,22340
polymarket.bnb-updown-5m.log.2026-04-19,15,47,1340,,,,,27765
polymarket.bnb-updown-5m.log.2026-04-19,16,49,1301,,,,,28901
polymarket.bnb-updown-5m.log.2026-04-19,17,46,1822,,,,,27023
polymarket.bnb-updown-5m.log.2026-04-19,18,40,1864,,,,,23464
polymarket.bnb-updown-5m.log.2026-04-19,19,45,1979,1979,0,0.89,0.99,26579
polymarket.bnb-updown-5m.log.2026-04-19,20,36,1814,,,,,21015
polymarket.bnb-updown-5m.log.2026-04-19,21,25,,,,,,14455
polymarket.bnb-updown-5m.log.2026-04-19,22,45,1250,,,,,26452
polymarket.bnb-updown-5m.log.2026-04-19,23,38,1279,1279,0,0.9,0.99,22281
polymarket.bnb-updown-5m.log.2026-04-19,24,27,1162,,,,,15617
polymarket.bnb-updown-5m.log.2026-04-19,25,49,1377,1377,0,0.5,0.99,28975
polymarket.bnb-updown-5m.log.2026-04-19,26,49,1141,1141,0,0.9,0.99,28831
polymarket.btc-updown-5m.log.2026-04-18,0,43,,,,,,25264
polymarket.btc-updown-5m.log.2026-04-18,1,48,1805,1805,0,0.98,0.99,28205
polymarket.btc-updown-5m.log.2026-04-18,2,34,,,,,,19864
polymarket.btc-updown-5m.log.2026-04-18,3,47,,,,,,27604
polymarket.btc-updown-5m.log.2026-04-18,4,49,,,,,,28922
polymarket.btc-updown-5m.log.2026-04-18,5,31,,,,,,18027
polymarket.btc-updown-5m.log.2026-04-18,6,49,,,,,,28931
polymarket.btc-updown-5m.log.2026-04-18,7,51,,,,,,30055
polymarket.btc-updown-5m.log.2026-04-18,8,48,,,,,,28238
polymarket.btc-updown-5m.log.2026-04-18,9,48,,,,,,28340
polymarket.btc-updown-5m.log.2026-04-18,10,30,,,,,,17423
polymarket.btc-updown-5m.log.2026-04-18,11,42,,,,,,24768
polymarket.btc-updown-5m.log.2026-04-18,12,18,,,,,,10243
polymarket.btc-updown-5m.log.2026-04-18,13,33,,,,,,19324
polymarket.btc-updown-5m.log.2026-04-18,14,31,,,,,,18009
polymarket.btc-updown-5m.log.2026-04-18,15,48,,,,,,28348
polymarket.btc-updown-5m.log.2026-04-18,16,46,,,,,,27143
polymarket.btc-updown-5m.log.2026-04-18,17,46,,,,,,27181
polymarket.btc-updown-5m.log.2026-04-18,18,53,,,,,,31001
polymarket.btc-updown-5m.log.2026-04-18,19,28,1871,1871,0,0.98,0.99,16272
polymarket.btc-updown-5m.log.2026-04-18,20,25,2002,,,,,14601
polymarket.btc-updown-5m.log.2026-04-18,21,23,2412,,,,,13213
polymarket.btc-updown-5m.log.2026-04-18,22,43,1268,,,,,25268
polymarket.btc-updown-5m.log.2026-04-18,23,49,1847,,,,,28850
polymarket.btc-updown-5m.log.2026-04-18,24,53,1596,,,,,30998
polymarket.btc-updown-5m.log.2026-04-18,25,37,1803,,,,,21602
polymarket.btc-updown-5m.log.2026-04-18,26,47,1882,1882,0,0.98,0.99,27684
polymarket.btc-updown-5m.log.2026-04-18,27,49,1962,,,,,28963
polymarket.btc-updown-5m.log.2026-04-18,28,23,1290,,,,,13292
polymarket.btc-updown-5m.log.2026-04-18,29,27,1870,1870,0,0.98,0.99,15671
polymarket.btc-updown-5m.log.2026-04-18,30,36,1981,1981,0,0.98,0.99,21182
polymarket.btc-updown-5m.log.2026-04-18,31,48,1839,,,,,28270
polymarket.btc-updown-5m.log.2026-04-18,32,48,7792,7792,0,0.98,0.99,28285
polymarket.btc-updown-5m.log.2026-04-18,33,48,,,,,,28204
polymarket.btc-updown-5m.log.2026-04-18,34,48,,,,,,28277
polymarket.btc-updown-5m.log.2026-04-18,35,34,,,,,,19974
polymarket.btc-updown-5m.log.2026-04-18,36,49,1843,,,,,28867
polymarket.btc-updown-5m.log.2026-04-18,37,48,1812,,,,,28213
polymarket.btc-updown-5m.log.2026-04-18,38,46,,,,,,27099
polymarket.btc-updown-5m.log.2026-04-18,39,53,,,,,,31039
polymarket.btc-updown-5m.log.2026-04-18,40,14,,,,,,7834
polymarket.btc-updown-5m.log.2026-04-18,41,48,,,,,,28268
polymarket.btc-updown-5m.log.2026-04-18,42,49,,,,,,28810
polymarket.btc-updown-5m.log.2026-04-18,43,40,,,,,,23571
polymarket.btc-updown-5m.log.2026-04-18,44,42,,,,,,24611
polymarket.btc-updown-5m.log.2026-04-18,45,37,,,,,,21773
polymarket.btc-updown-5m.log.2026-04-18,46,28,,,,,,16260
polymarket.btc-updown-5m.log.2026-04-18,47,43,,,,,,25377
polymarket.btc-updown-5m.log.2026-04-18,48,33,,,,,,19275
polymarket.btc-updown-5m.log.2026-04-18,49,27,,,,,,15760
polymarket.btc-updown-5m.log.2026-04-18,50,51,,,,,,29958
polymarket.btc-updown-5m.log.2026-04-18,51,27,,,,,,15769
polymarket.btc-updown-5m.log.2026-04-18,52,47,,,,,,27778
polymarket.btc-updown-5m.log.2026-04-18,53,49,,,,,,28947
polymarket.btc-updown-5m.log.2026-04-18,54,48,,,,,,28279
polymarket.btc-updown-5m.log.2026-04-18,55,48,,,,,,28219
polymarket.btc-updown-5m.log.2026-04-18,56,47,,,,,,27721
polymarket.btc-updown-5m.log.2026-04-18,57,16,,,,,,9172
polymarket.btc-updown-5m.log.2026-04-18,58,50,,,,,,29477
polymarket.btc-updown-5m.log.2026-04-18,59,47,,,,,,27743
polymarket.btc-updown-5m.log.2026-04-18,61,47,,,,,,27702
polymarket.btc-updown-5m.log.2026-04-18,62,51,,,,,,29944
polymarket.btc-updown-5m.log.2026-04-18,63,46,,,,,,27071
polymarket.btc-updown-5m.log.2026-04-18,64,46,,,,,,27092
polymarket.btc-updown-5m.log.2026-04-18,65,48,,,,,,28307
polymarket.btc-updown-5m.log.2026-04-18,66,50,,,,,,29444
polymarket.btc-updown-5m.log.2026-04-18,67,43,,,,,,25264
polymarket.btc-updown-5m.log.2026-04-18,68,49,,,,,,28925
polymarket.btc-updown-5m.log.2026-04-18,69,30,,,,,,17550
polymarket.btc-updown-5m.log.2026-04-18,70,31,,,,,,18065
polymarket.btc-updown-5m.log.2026-04-18,71,48,,,,,,28380
polymarket.btc-updown-5m.log.2026-04-18,72,86,1283,1283,0,0.98,0.99,25283
polymarket.btc-updown-5m.log.2026-04-19,0,95,1867,1867,0,0.98,0.99,28267
polymarket.btc-updown-5m.log.2026-04-19,1,44,1850,,,,,12679
polymarket.btc-updown-5m.log.2026-04-19,2,94,1231,,,,,27667
polymarket.btc-updown-5m.log.2026-04-19,3,11,1845,1845,0,0.98,0.99,3047
polymarket.btc-updown-5m.log.2026-04-19,4,5,3044,3044,0,0.98,0.99,4246
polymarket.btc-updown-5m.log.2026-04-19,5,61,1227,1227,0,0.98,0.99,25846
polymarket.btc-updown-5m.log.2026-04-19,6,41,1909,1909,0,0.98,0.99,24110
polymarket.btc-updown-5m.log.2026-04-19,7,48,1803,,,,,28202
polymarket.btc-updown-5m.log.2026-04-19,8,49,,,,,,28987
polymarket.btc-updown-5m.log.2026-04-19,9,9,,,,,,4911
polymarket.btc-updown-5m.log.2026-04-19,10,42,1734,1734,0,0.98,0.99,24613
polymarket.btc-updown-5m.log.2026-04-19,11,26,1354,1354,0,0.98,0.99,15168
polymarket.btc-updown-5m.log.2026-04-19,12,52,1632,1632,0,0.95,0.97,30432
polymarket.btc-updown-5m.log.2026-04-19,13,23,,,,,,13299
polymarket.btc-updown-5m.log.2026-04-19,14,16,1275,1275,0,0.98,0.99,9075
polymarket.btc-updown-5m.log.2026-04-19,15,53,1678,,,,,31078
polymarket.btc-updown-5m.log.2026-04-19,16,37,1310,,,,,21710
polymarket.btc-updown-5m.log.2026-04-19,17,46,1877,,,,,27078
polymarket.btc-updown-5m.log.2026-04-19,18,47,1967,,,,,27767
polymarket.btc-updown-5m.log.2026-04-19,19,53,2320,2320,0,0.5,0.93,31121
polymarket.btc-updown-5m.log.2026-04-19,20,34,1955,1955,0,0.98,0.99,19956
polymarket.btc-updown-5m.log.2026-04-19,21,35,1226,1226,0,0.98,0.99,20482
polymarket.btc-updown-5m.log.2026-04-19,22,28,,,,,,16200
polymarket.btc-updown-5m.log.2026-04-19,23,49,1154,,,,,28842
polymarket.btc-updown-5m.log.2026-04-19,24,35,1853,1853,0,0.99,0.999,20455
polymarket.btc-updown-5m.log.2026-04-19,25,47,1261,,,,,27660
polymarket.btc-updown-5m.log.2026-04-19,26,47,1359,1359,0,0.98,0.99,27762
polymarket.btc-updown-5m.log.2026-04-19,27,38,1141,,,,,22209
polymarket.doge-updown-5m.log.2026-04-18,0,5,,,,,,2406
polymarket.doge-updown-5m.log.2026-04-18,1,48,1951,,,,,28351
polymarket.doge-updown-5m.log.2026-04-18,2,20,,,,,,11463
polymarket.doge-updown-5m.log.2026-04-18,3,39,,,,,,22996
polymarket.doge-updown-5m.log.2026-04-18,4,42,,,,,,24651
polymarket.doge-updown-5m.log.2026-04-18,5,43,,,,,,25230
polymarket.doge-updown-5m.log.2026-04-18,6,46,,,,,,27047
polymarket.doge-updown-5m.log.2026-04-18,7,50,,,,,,29429
polymarket.doge-updown-5m.log.2026-04-18,8,44,,,,,,25971
polymarket.doge-updown-5m.log.2026-04-18,10,42,,,,,,24781
polymarket.doge-updown-5m.log.2026-04-18,11,49,,,,,,28876
polymarket.doge-updown-5m.log.2026-04-18,12,23,,,,,,13289
polymarket.doge-updown-5m.log.2026-04-18,13,27,,,,,,15681
polymarket.doge-updown-5m.log.2026-04-18,14,49,,,,,,28944
polymarket.doge-updown-5m.log.2026-04-18,15,46,,,,,,27098
polymarket.doge-updown-5m.log.2026-04-18,16,18,,,,,,10198
polymarket.doge-updown-5m.log.2026-04-18,17,26,,,,,,15098
polymarket.doge-updown-5m.log.2026-04-18,18,29,,,,,,16878
polymarket.doge-updown-5m.log.2026-04-18,19,44,,,,,,25995
polymarket.doge-updown-5m.log.2026-04-18,20,38,,,,,,22206
polymarket.doge-updown-5m.log.2026-04-18,21,51,,,,,,29920
polymarket.doge-updown-5m.log.2026-04-18,22,44,,,,,,25834
polymarket.doge-updown-5m.log.2026-04-18,23,47,,,,,,27762
polymarket.doge-updown-5m.log.2026-04-18,24,37,,,,,,21631
polymarket.doge-updown-5m.log.2026-04-18,25,46,,,,,,27114
polymarket.doge-updown-5m.log.2026-04-18,26,49,,,,,,28914
polymarket.doge-updown-5m.log.2026-04-18,27,26,,,,,,15029
polymarket.doge-updown-5m.log.2026-04-18,28,51,,,,,,30072
polymarket.doge-updown-5m.log.2026-04-18,29,47,,,,,,27660
polymarket.doge-updown-5m.log.2026-04-18,30,38,,,,,,22224
polymarket.doge-updown-5m.log.2026-04-18,31,47,,,,,,27702
polymarket.doge-updown-5m.log.2026-04-18,32,48,,,,,,28218
polymarket.doge-updown-5m.log.2026-04-18,33,23,,,,,,13345
polymarket.doge-updown-5m.log.2026-04-18,34,42,,,,,,24760
polymarket.doge-updown-5m.log.2026-04-18,35,27,,,,,,15734
polymarket.doge-updown-5m.log.2026-04-18,36,55,,,,,,32067
polymarket.doge-updown-5m.log.2026-04-18,37,47,,,,,,27634
polymarket.doge-updown-5m.log.2026-04-18,38,53,,,,,,31109
polymarket.doge-updown-5m.log.2026-04-18,39,47,,,,,,27648
polymarket.doge-updown-5m.log.2026-04-18,40,49,,,,,,28846
polymarket.doge-updown-5m.log.2026-04-18,41,15,,,,,,8424
polymarket.doge-updown-5m.log.2026-04-18,42,42,,,,,,24726
polymarket.doge-updown-5m.log.2026-04-18,43,50,,,,,,29505
polymarket.doge-updown-5m.log.2026-04-18,44,39,,,,,,22970
polymarket.doge-updown-5m.log.2026-04-18,45,51,,,,,,29951
polymarket.doge-updown-5m.log.2026-04-18,46,44,,,,,,25913
polymarket.doge-updown-5m.log.2026-04-18,47,46,,,,,,27076
polymarket.doge-updown-5m.log.2026-04-18,48,46,,,,,,27164
polymarket.doge-updown-5m.log.2026-04-18,49,47,,,,,,27627
polymarket.doge-updown-5m.log.2026-04-18,50,24,,,,,,13873
polymarket.doge-updown-5m.log.2026-04-18,51,26,,,,,,15033
polymarket.doge-updown-5m.log.2026-04-18,52,47,,,,,,27709
polymarket.doge-updown-5m.log.2026-04-18,53,48,,,,,,28273
polymarket.doge-updown-5m.log.2026-04-18,54,51,,,,,,29920
polymarket.doge-updown-5m.log.2026-04-18,55,47,,,,,,27019
polymarket.doge-updown-5m.log.2026-04-18,56,46,,,,,,27150
polymarket.doge-updown-5m.log.2026-04-18,57,43,,,,,,25264
polymarket.doge-updown-5m.log.2026-04-18,58,45,,,,,,26581
polymarket.doge-updown-5m.log.2026-04-18,59,29,,,,,,16931
polymarket.doge-updown-5m.log.2026-04-18,60,40,,,,,,23447
polymarket.doge-updown-5m.log.2026-04-18,61,49,,,,,,28983
polymarket.doge-updown-5m.log.2026-04-18,62,42,,,,,,24717
polymarket.doge-updown-5m.log.2026-04-18,63,48,,,,,,28282
polymarket.doge-updown-5m.log.2026-04-18,64,35,,,,,,20449
polymarket.doge-updown-5m.log.2026-04-18,65,38,,,,,,22396
polymarket.doge-updown-5m.log.2026-04-19,0,88,1845,,,,,25917
polymarket.doge-updown-5m.log.2026-04-19,1,99,1268,,,,,29468
polymarket.doge-updown-5m.log.2026-04-19,2,98,1843,1843,0,0.9,0.99,28843
polymarket.doge-updown-5m.log.2026-04-19,3,65,1275,1275,0,0.99,0.999,28329
polymarket.doge-updown-5m.log.2026-04-19,4,46,1871,1871,0,0.95,0.99,27072
polymarket.doge-updown-5m.log.2026-04-19,5,51,1851,,,,,30051
polymarket.doge-updown-5m.log.2026-04-19,6,46,,,,,,27135
polymarket.doge-updown-5m.log.2026-04-19,7,49,1804,1804,0,0.69,0.99,28805
polymarket.doge-updown-5m.log.2026-04-19,8,50,1808,,,,,29411
polymarket.doge-updown-5m.log.2026-04-19,9,39,,,,,,22928
polymarket.doge-updown-5m.log.2026-04-19,10,44,1985,1985,0,0.89,0.99,25985
polymarket.doge-updown-5m.log.2026-04-19,11,33,1330,,,,,19329
polymarket.doge-updown-5m.log.2026-04-19,12,46,1830,1830,0,0.79,0.87,27033
polymarket.doge-updown-5m.log.2026-04-19,13,46,1929,1929,0,0.79,0.99,27130
polymarket.doge-updown-5m.log.2026-04-19,14,45,1937,1937,0,0.88,0.99,26538
polymarket.doge-updown-5m.log.2026-04-19,15,46,1815,1815,0,0.9,0.99,27016
polymarket.doge-updown-5m.log.2026-04-19,16,35,,,,,,20451
polymarket.doge-updown-5m.log.2026-04-19,17,45,1249,1249,0,0.9,0.99,26449
polymarket.doge-updown-5m.log.2026-04-19,18,45,1880,1880,0,0.91,0.99,26480
polymarket.doge-updown-5m.log.2026-04-19,20,5,1160,1160,0,0.98,0.99,2458
polymarket.eth-updown-5m.log.2026-04-18,0,48,,,,,,28207
polymarket.eth-updown-5m.log.2026-04-18,1,51,,,,,,30001
polymarket.eth-updown-5m.log.2026-04-18,2,44,,,,,,25971
polymarket.eth-updown-5m.log.2026-04-18,3,15,,,,,,8484
polymarket.eth-updown-5m.log.2026-04-18,4,43,,,,,,25335
polymarket.eth-updown-5m.log.2026-04-18,5,48,,,,,,28234
polymarket.eth-updown-5m.log.2026-04-18,6,29,,,,,,16803
polymarket.eth-updown-5m.log.2026-04-18,7,48,,,,,,28357
polymarket.eth-updown-5m.log.2026-04-18,8,16,,,,,,9198
polymarket.eth-updown-5m.log.2026-04-18,9,53,,,,,,31162
polymarket.eth-updown-5m.log.2026-04-18,10,31,,,,,,18011
polymarket.eth-updown-5m.log.2026-04-18,11,30,,,,,,17436
polymarket.eth-updown-5m.log.2026-04-18,12,49,,,,,,28884
polymarket.eth-updown-5m.log.2026-04-18,13,49,,,,,,28836
polymarket.eth-updown-5m.log.2026-04-18,14,27,,,,,,15624
polymarket.eth-updown-5m.log.2026-04-18,15,46,,,,,,27047
polymarket.eth-updown-5m.log.2026-04-18,16,49,,,,,,28877
polymarket.eth-updown-5m.log.2026-04-18,17,46,,,,,,27183
polymarket.eth-updown-5m.log.2026-04-18,18,49,,,,,,28822
polymarket.eth-updown-5m.log.2026-04-18,19,48,,,,,,28322
polymarket.eth-updown-5m.log.2026-04-18,20,45,,,,,,26414
polymarket.eth-updown-5m.log.2026-04-18,21,29,,,,,,16828
polymarket.eth-updown-5m.log.2026-04-18,22,29,,,,,,16960
polymarket.eth-updown-5m.log.2026-04-18,23,34,,,,,,19833
polymarket.eth-updown-5m.log.2026-04-18,24,54,,,,,,31562
polymarket.eth-updown-5m.log.2026-04-18,25,30,,,,,,17485
polymarket.eth-updown-5m.log.2026-04-18,26,46,,,,,,27128
polymarket.eth-updown-5m.log.2026-04-18,27,50,,,,,,29466
polymarket.eth-updown-5m.log.2026-04-18,28,48,,,,,,28263
polymarket.eth-updown-5m.log.2026-04-18,29,48,,,,,,28390
polymarket.eth-updown-5m.log.2026-04-18,30,48,,,,,,28309
polymarket.eth-updown-5m.log.2026-04-18,31,51,,,,,,29987
polymarket.eth-updown-5m.log.2026-04-18,32,48,,,,,,28257
polymarket.eth-updown-5m.log.2026-04-18,33,24,,,,,,13804
polymarket.eth-updown-5m.log.2026-04-18,34,39,,,,,,22913
polymarket.eth-updown-5m.log.2026-04-18,35,47,,,,,,27780
polymarket.eth-updown-5m.log.2026-04-18,36,31,,,,,,18187
polymarket.eth-updown-5m.log.2026-04-18,37,44,,,,,,25976
polymarket.eth-updown-5m.log.2026-04-18,38,47,,,,,,27639
polymarket.eth-updown-5m.log.2026-04-18,39,34,,,,,,19900
polymarket.eth-updown-5m.log.2026-04-18,40,34,,,,,,19909
polymarket.eth-updown-5m.log.2026-04-18,41,43,,,,,,25365
polymarket.eth-updown-5m.log.2026-04-18,42,19,,,,,,10887
polymarket.eth-updown-5m.log.2026-04-18,43,45,,,,,,26472
polymarket.eth-updown-5m.log.2026-04-18,44,52,,,,,,30547
polymarket.eth-updown-5m.log.2026-04-18,45,54,,,,,,31730
polymarket.eth-updown-5m.log.2026-04-18,46,13,,,,,,7321
polymarket.eth-updown-5m.log.2026-04-18,47,43,,,,,,25381
polymarket.eth-updown-5m.log.2026-04-18,48,54,,,,,,31604
polymarket.eth-updown-5m.log.2026-04-18,49,44,,,,,,25903
polymarket.eth-updown-5m.log.2026-04-18,50,12,,,,,,6614
polymarket.eth-updown-5m.log.2026-04-18,51,47,,,,,,27724
polymarket.eth-updown-5m.log.2026-04-18,52,23,,,,,,13220
polymarket.eth-updown-5m.log.2026-04-18,53,43,,,,,,25267
polymarket.eth-updown-5m.log.2026-04-18,54,51,,,,,,29929
polymarket.eth-updown-5m.log.2026-04-18,55,49,,,,,,28916
polymarket.eth-updown-5m.log.2026-04-18,56,34,,,,,,19945
polymarket.eth-updown-5m.log.2026-04-18,57,28,,,,,,16302
polymarket.eth-updown-5m.log.2026-04-18,58,40,,,,,,23570
polymarket.eth-updown-5m.log.2026-04-18,59,29,,,,,,16939
polymarket.eth-updown-5m.log.2026-04-18,60,47,,,,,,27643
polymarket.eth-updown-5m.log.2026-04-18,61,49,,,,,,28977
polymarket.eth-updown-5m.log.2026-04-18,62,49,,,,,,28903
polymarket.eth-updown-5m.log.2026-04-18,63,33,,,,,,19205
polymarket.eth-updown-5m.log.2026-04-18,64,37,,,,,,21633
polymarket.eth-updown-5m.log.2026-04-18,65,48,,,,,,28334
polymarket.eth-updown-5m.log.2026-04-19,0,98,1905,1905,0,0.98,0.99,28985
polymarket.eth-updown-5m.log.2026-04-19,1,42,1279,,,,,12088
polymarket.eth-updown-5m.log.2026-04-19,2,46,1281,,,,,13330
polymarket.eth-updown-5m.log.2026-04-19,3,48,1880,,,,,13993
polymarket.eth-updown-5m.log.2026-04-19,4,58,1216,1216,0,0.98,0.99,24072
polymarket.eth-updown-5m.log.2026-04-19,5,53,1644,1644,0,0.55,0.99,31045
polymarket.eth-updown-5m.log.2026-04-19,6,51,,,,,,29997
polymarket.eth-updown-5m.log.2026-04-19,7,43,1829,1829,0,0.98,0.99,25229
polymarket.eth-updown-5m.log.2026-04-19,8,49,1945,,,,,28945
polymarket.eth-updown-5m.log.2026-04-19,9,49,1817,1817,0,0.98,0.99,28817
polymarket.eth-updown-5m.log.2026-04-19,10,49,,,,,,28959
polymarket.eth-updown-5m.log.2026-04-19,11,34,1261,1261,0,0.98,0.99,19860
polymarket.eth-updown-5m.log.2026-04-19,12,47,1278,1278,0,0.98,0.99,27678
polymarket.eth-updown-5m.log.2026-04-19,13,45,1317,,,,,26519
polymarket.eth-updown-5m.log.2026-04-19,14,48,1940,,,,,28341
polymarket.eth-updown-5m.log.2026-04-19,15,49,1996,1996,0,0.98,0.99,28997
polymarket.eth-updown-5m.log.2026-04-19,16,44,1860,1860,0,0.97,0.98,25922
polymarket.eth-updown-5m.log.2026-04-19,17,47,1928,1928,0,0.98,0.99,27728
polymarket.eth-updown-5m.log.2026-04-19,18,48,1208,1208,0,0.98,0.99,28231
polymarket.eth-updown-5m.log.2026-04-19,19,8,,,,,,4289
polymarket.eth-updown-5m.log.2026-04-19,20,37,1184,,,,,21676
polymarket.eth-updown-5m.log.2026-04-19,21,40,1876,1876,0,0.998,0.999,23477
polymarket.eth-updown-5m.log.2026-04-19,22,45,1261,,,,,26460
polymarket.eth-updown-5m.log.2026-04-19,23,48,1362,1362,0,0.98,0.99,28362
polymarket.eth-updown-5m.log.2026-04-19,24,39,1179,,,,,22829
polymarket.hype-updown-5m.log.2026-04-18,0,53,,,,,,31258
polymarket.hype-updown-5m.log.2026-04-18,1,26,,,,,,15185
polymarket.hype-updown-5m.log.2026-04-18,2,31,,,,,,18036
polymarket.hype-updown-5m.log.2026-04-18,3,47,,,,,,27606
polymarket.hype-updown-5m.log.2026-04-18,4,53,,,,,,31314
polymarket.hype-updown-5m.log.2026-04-18,5,19,,,,,,10871
polymarket.hype-updown-5m.log.2026-04-18,6,39,,,,,,22914
polymarket.hype-updown-5m.log.2026-04-18,7,48,,,,,,28226
polymarket.hype-updown-5m.log.2026-04-18,8,45,,,,,,26502
polymarket.hype-updown-5m.log.2026-04-18,9,17,,,,,,9755
polymarket.hype-updown-5m.log.2026-04-18,10,53,,,,,,31169
polymarket.hype-updown-5m.log.2026-04-18,11,44,,,,,,25884
polymarket.hype-updown-5m.log.2026-04-18,12,45,,,,,,26461
polymarket.hype-updown-5m.log.2026-04-18,13,44,,,,,,25910
polymarket.hype-updown-5m.log.2026-04-18,15,49,,,,,,28926
polymarket.hype-updown-5m.log.2026-04-18,16,32,,,,,,18751
polymarket.hype-updown-5m.log.2026-04-18,17,23,,,,,,13339
polymarket.hype-updown-5m.log.2026-04-18,18,46,,,,,,27177
polymarket.hype-updown-5m.log.2026-04-18,19,45,,,,,,26460
polymarket.hype-updown-5m.log.2026-04-18,20,51,,,,,,30090
polymarket.hype-updown-5m.log.2026-04-18,21,14,,,,,,7938
polymarket.hype-updown-5m.log.2026-04-18,22,33,,,,,,19390
polymarket.hype-updown-5m.log.2026-04-18,23,45,,,,,,26446
polymarket.hype-updown-5m.log.2026-04-18,24,43,,,,,,25270
polymarket.hype-updown-5m.log.2026-04-18,25,45,,,,,,26436
polymarket.hype-updown-5m.log.2026-04-18,26,22,,,,,,12711
polymarket.hype-updown-5m.log.2026-04-18,27,44,,,,,,25944
polymarket.hype-updown-5m.log.2026-04-18,28,40,2444,,,,,23443
polymarket.hype-updown-5m.log.2026-04-18,29,48,1803,,,,,28204
polymarket.hype-updown-5m.log.2026-04-18,30,46,,,,,,27194
polymarket.hype-updown-5m.log.2026-04-18,31,53,,,,,,31186
polymarket.hype-updown-5m.log.2026-04-18,32,35,,,,,,20567
polymarket.hype-updown-5m.log.2026-04-18,33,48,,,,,,28314
polymarket.hype-updown-5m.log.2026-04-18,34,50,,,,,,29471
polymarket.hype-updown-5m.log.2026-04-18,35,53,,,,,,31325
polymarket.hype-updown-5m.log.2026-04-18,36,53,,,,,,31146
polymarket.hype-updown-5m.log.2026-04-18,37,53,,,,,,31224
polymarket.hype-updown-5m.log.2026-04-18,38,26,,,,,,15196
polymarket.hype-updown-5m.log.2026-04-18,40,45,,,,,,26453
polymarket.hype-updown-5m.log.2026-04-18,41,49,,,,,,28968
polymarket.hype-updown-5m.log.2026-04-18,42,48,,,,,,28395
polymarket.hype-updown-5m.log.2026-04-18,43,11,,,,,,6088
polymarket.hype-updown-5m.log.2026-04-18,44,51,,,,,,30197
polymarket.hype-updown-5m.log.2026-04-18,46,44,,,,,,25836
polymarket.hype-updown-5m.log.2026-04-18,47,52,,,,,,30647
polymarket.hype-updown-5m.log.2026-04-18,48,45,,,,,,26544
polymarket.hype-updown-5m.log.2026-04-18,49,46,,,,,,27031
polymarket.hype-updown-5m.log.2026-04-18,50,20,,,,,,11521
polymarket.hype-updown-5m.log.2026-04-18,51,45,,,,,,26589
polymarket.hype-updown-5m.log.2026-04-18,52,23,,,,,,13243
polymarket.hype-updown-5m.log.2026-04-18,53,40,,,,,,23584
polymarket.hype-updown-5m.log.2026-04-18,54,30,,,,,,17573
polymarket.hype-updown-5m.log.2026-04-19,0,80,1905,1905,0,0.9,0.99,23526
polymarket.hype-updown-5m.log.2026-04-19,1,58,1839,1839,0,0.92,0.99,16910
polymarket.hype-updown-5m.log.2026-04-19,2,61,1239,1239,0,0.79,0.99,25928
polymarket.hype-updown-5m.log.2026-04-19,3,23,1854,1854,0,0.89,0.99,13255
polymarket.hype-updown-5m.log.2026-04-19,5,237,,,,,,28977
polymarket.hype-updown-5m.log.2026-04-19,6,62,,,,,,19950
polymarket.hype-updown-5m.log.2026-04-19,7,306,,,,,,55294
polymarket.hype-updown-5m.log.2026-04-19,9,192,,,,,,87968
polymarket.hype-updown-5m.log.2026-04-19,10,319,,,,,,28915
polymarket.hype-updown-5m.log.2026-04-19,11,296,,,,,,31750
polymarket.hype-updown-5m.log.2026-04-19,12,165,1821,,,,,28335
polymarket.hype-updown-5m.log.2026-04-19,13,139,,,,,,26551
polymarket.hype-updown-5m.log.2026-04-19,14,269,,,,,,29976
polymarket.hype-updown-5m.log.2026-04-19,15,227,,,,,,31228
polymarket.hype-updown-5m.log.2026-04-19,16,318,1971,1971,0,0.98,0.99,31170
polymarket.hype-updown-5m.log.2026-04-19,17,283,1893,,,,,29568
polymarket.hype-updown-5m.log.2026-04-19,18,277,1957,1957,0,0.69,0.97,25359
polymarket.hype-updown-5m.log.2026-04-19,19,25,25358,25358,0,0.69,0.97,28860
polymarket.hype-updown-5m.log.2026-04-19,20,22,,,,,,12609
polymarket.hype-updown-5m.log.2026-04-19,21,198,,,,,,28845
polymarket.hype-updown-5m.log.2026-04-19,22,275,1170,1170,0,0.9,0.99,31114
polymarket.hype-updown-5m.log.2026-04-19,23,131,1223,,,,,28872
polymarket.hype-updown-5m.log.2026-04-19,24,56,,,,,,15099
polymarket.hype-updown-5m.log.2026-04-19,25,271,,,,,,28233
polymarket.hype-updown-5m.log.2026-04-19,26,211,1942,1942,0,0.98,0.99,18144
polymarket.hype-updown-5m.log.2026-04-19,27,72,18743,18743,0,0.98,0.99,25944
polymarket.hype-updown-5m.log.2026-04-19,28,10,25943,25943,0,0.98,0.99,28861
polymarket.hype-updown-5m.log.2026-04-19,29,165,1276,1276,0,0.89,0.99,28987
polymarket.hype-updown-5m.log.2026-04-19,30,188,1964,1964,0,0.91,0.99,29414
polymarket.hype-updown-5m.log.2026-04-19,31,275,1302,,,,,28320
polymarket.hype-updown-5m.log.2026-04-19,32,80,1822,1822,0,0.98,0.99,6630
polymarket.hype-updown-5m.log.2026-04-19,33,12,7223,7223,0,0.98,0.99,7825
polymarket.hype-updown-5m.log.2026-04-19,34,71,7824,7824,0,0.98,0.99,13823
polymarket.hype-updown-5m.log.2026-04-19,35,148,13822,13822,0,0.98,0.99,28967
polymarket.hype-updown-5m.log.2026-04-19,36,205,,,,,,31204
polymarket.hype-updown-5m.log.2026-04-19,37,302,1382,,,,,30067
polymarket.hype-updown-5m.log.2026-04-19,38,310,1352,,,,,30010
polymarket.hype-updown-5m.log.2026-04-19,39,305,1810,,,,,28308
polymarket.hype-updown-5m.log.2026-04-19,40,35,1211,1211,0,0.79,0.99,2531
polymarket.hype-updown-5m.log.2026-04-19,41,162,,,,,,28298
polymarket.hype-updown-5m.log.2026-04-19,42,311,1909,,,,,30545
polymarket.hype-updown-5m.log.2026-04-19,43,8,,,,,,4220
polymarket.hype-updown-5m.log.2026-04-19,44,282,,,,,,30026
polymarket.hype-updown-5m.log.2026-04-19,45,317,1815,,,,,29504
polymarket.hype-updown-5m.log.2026-04-19,46,328,1801,1801,0,0.69,0.99,28885
polymarket.hype-updown-5m.log.2026-04-19,47,312,1267,,,,,30075
polymarket.hype-updown-5m.log.2026-04-19,48,284,1201,1201,0,0.9,0.97,31177
polymarket.hype-updown-5m.log.2026-04-19,49,102,1325,1325,0,0.98,0.99,15720
polymarket.hype-updown-5m.log.2026-04-19,50,169,,,,,,25892
polymarket.hype-updown-5m.log.2026-04-19,51,228,,,,,,29469
polymarket.hype-updown-5m.log.2026-04-19,52,172,1341,,,,,15697
polymarket.hype-updown-5m.log.2026-04-19,53,117,,,,,,29496
polymarket.hype-updown-5m.log.2026-04-19,54,241,1729,1729,0,0.82,0.98,31130
polymarket.hype-updown-5m.log.2026-04-19,55,332,1232,,,,,29496
polymarket.hype-updown-5m.log.2026-04-19,56,165,,,,,,16258
polymarket.hype-updown-5m.log.2026-04-19,57,98,,,,,,28904
polymarket.hype-updown-5m.log.2026-04-19,58,194,1826,,,,,16847
polymarket.hype-updown-5m.log.2026-04-19,59,116,17426,,,,,29426
polymarket.hype-updown-5m.log.2026-04-19,60,114,,,,,,12109
polymarket.hype-updown-5m.log.2026-04-19,61,84,,,,,,28375
polymarket.hype-updown-5m.log.2026-04-19,62,371,,,,,,29903
polymarket.hype-updown-5m.log.2026-04-19,63,188,,,,,,27162
polymarket.hype-updown-5m.log.2026-04-19,64,233,,,,,,28989
polymarket.hype-updown-5m.log.2026-04-19,65,145,1801,1801,0,0.89,0.99,29486
polymarket.hype-updown-5m.log.2026-04-19,66,396,1684,,,,,31264
polymarket.hype-updown-5m.log.2026-04-19,67,90,,,,,,25968
polymarket.hype-updown-5m.log.2026-04-19,68,316,,,,,,28964
polymarket.hype-updown-5m.log.2026-04-19,69,83,1213,1213,0,0.98,0.99,22395
polymarket.hype-updown-5m.log.2026-04-19,70,226,1248,,,,,29508
polymarket.hype-updown-5m.log.2026-04-19,71,63,,,,,,19811
polymarket.hype-updown-5m.log.2026-04-19,72,270,,,,,,30025
polymarket.hype-updown-5m.log.2026-04-19,73,142,,,,,,28243
polymarket.hype-updown-5m.log.2026-04-19,74,238,1330,1330,0,0.98,0.99,30050
polymarket.hype-updown-5m.log.2026-04-19,75,96,,,,,,26549
polymarket.hype-updown-5m.log.2026-04-19,76,236,1221,1221,0,0.98,0.99,28855
polymarket.hype-updown-5m.log.2026-04-19,77,242,1829,1829,0,0.98,0.99,29946
polymarket.hype-updown-5m.log.2026-04-19,78,245,1825,,,,,29405
polymarket.hype-updown-5m.log.2026-04-19,79,236,,,,,,29976
polymarket.hype-updown-5m.log.2026-04-19,80,289,1263,,,,,30171
polymarket.hype-updown-5m.log.2026-04-19,81,163,,,,,,28291
polymarket.hype-updown-5m.log.2026-04-19,82,193,,,,,,31252
polymarket.hype-updown-5m.log.2026-04-19,83,279,1935,1935,0,0.98,0.99,28941
polymarket.hype-updown-5m.log.2026-04-19,84,214,1263,1263,0,0.991,0.999,28842
polymarket.hype-updown-5m.log.2026-04-19,85,218,1799,1799,0,0.98,0.99,28354
polymarket.hype-updown-5m.log.2026-04-19,86,225,1267,1267,0,0.98,0.99,27678
polymarket.hype-updown-5m.log.2026-04-19,87,83,1322,,,,,25955
polymarket.hype-updown-5m.log.2026-04-19,88,321,1810,1810,0,0.98,0.99,31006
polymarket.hype-updown-5m.log.2026-04-19,89,118,1892,,,,,28957
polymarket.hype-updown-5m.log.2026-04-19,90,297,1871,,,,,29474
polymarket.hype-updown-5m.log.2026-04-19,91,212,1739,,,,,29965
polymarket.hype-updown-5m.log.2026-04-19,92,322,,,,,,28382
polymarket.hype-updown-5m.log.2026-04-19,93,184,,,,,,29977
polymarket.hype-updown-5m.log.2026-04-19,94,325,1836,1836,0,0.81,0.95,30638
polymarket.hype-updown-5m.log.2026-04-19,95,242,1919,,,,,28847
polymarket.hype-updown-5m.log.2026-04-19,96,223,1217,,,,,27618
polymarket.hype-updown-5m.log.2026-04-19,97,351,1641,,,,,31146
polymarket.hype-updown-5m.log.2026-04-19,98,192,1268,,,,,31093
polymarket.hype-updown-5m.log.2026-04-19,99,311,1865,,,,,31276
polymarket.hype-updown-5m.log.2026-04-19,100,184,,,,,,29978
polymarket.hype-updown-5m.log.2026-04-19,101,17,1175,,,,,1175
polymarket.hype-updown-5m.log.2026-04-19,102,291,1173,,,,,23473
polymarket.hype-updown-5m.log.2026-04-19,103,36,23464,,,,,28929
polymarket.hype-updown-5m.log.2026-04-19,104,300,1837,,,,,28825
polymarket.hype-updown-5m.log.2026-04-19,105,316,1906,,,,,28974
polymarket.hype-updown-5m.log.2026-04-19,106,344,2245,2245,0,0.02,0.93,31725
polymarket.hype-updown-5m.log.2026-04-19,107,201,,,,,,27721
polymarket.hype-updown-5m.log.2026-04-19,108,293,1293,1293,0,0.98,0.99,28882
polymarket.hype-updown-5m.log.2026-04-19,109,268,,,,,,28844
polymarket.hype-updown-5m.log.2026-04-19,110,221,,,,,,29998
polymarket.hype-updown-5m.log.2026-04-19,111,93,,,,,,24628
polymarket.hype-updown-5m.log.2026-04-19,112,228,1907,1907,0,0.9,0.98,25901
polymarket.hype-updown-5m.log.2026-04-19,113,267,1381,,,,,29576
polymarket.hype-updown-5m.log.2026-04-19,114,130,1813,1813,0,0.9,0.99,10213
polymarket.hype-updown-5m.log.2026-04-19,115,95,10813,10813,0,0.9,0.99,23407
polymarket.hype-updown-5m.log.2026-04-19,116,306,1278,1278,0,0.93,0.99,31142
polymarket.hype-updown-5m.log.2026-04-19,117,311,1289,,,,,28354
polymarket.hype-updown-5m.log.2026-04-19,118,307,1225,,,,,30058
polymarket.hype-updown-5m.log.2026-04-19,119,285,1362,,,,,28961
polymarket.hype-updown-5m.log.2026-04-19,120,192,1227,1227,0,0.1,0.8,30027
polymarket.hype-updown-5m.log.2026-04-19,121,188,1674,,,,,29927
polymarket.hype-updown-5m.log.2026-04-19,122,236,1862,,,,,26459
polymarket.hype-updown-5m.log.2026-04-19,123,157,1923,1923,0,0.98,0.99,16325
polymarket.hype-updown-5m.log.2026-04-19,124,51,16924,16924,0,0.98,0.99,27724
polymarket.hype-updown-5m.log.2026-04-19,125,234,1999,1999,0,0.98,0.99,28999
polymarket.hype-updown-5m.log.2026-04-19,126,128,1293,,,,,25862
polymarket.hype-updown-5m.log.2026-04-19,127,277,,,,,,28815
polymarket.hype-updown-5m.log.2026-04-19,128,235,,,,,,27686
polymarket.hype-updown-5m.log.2026-04-19,129,239,1383,,,,,27184
polymarket.hype-updown-5m.log.2026-04-19,130,221,,,,,,28219
polymarket.hype-updown-5m.log.2026-04-19,131,275,,,,,,30031
polymarket.hype-updown-5m.log.2026-04-19,132,280,1178,,,,,28338
polymarket.hype-updown-5m.log.2026-04-19,133,223,1849,1849,0,0.7,0.79,30050
polymarket.hype-updown-5m.log.2026-04-19,134,245,1326,1326,0,0.97,0.99,28911
polymarket.hype-updown-5m.log.2026-04-19,135,230,1855,1855,0,0.98,0.99,29454
polymarket.hype-updown-5m.log.2026-04-19,136,229,,,,,,28869
polymarket.hype-updown-5m.log.2026-04-19,137,255,1840,,,,,28836
polymarket.hype-updown-5m.log.2026-04-19,138,217,1328,,,,,27130
polymarket.hype-updown-5m.log.2026-04-19,139,277,1364,1364,0,0.97,0.99,30131
polymarket.hype-updown-5m.log.2026-04-19,140,149,,,,,,24718
polymarket.hype-updown-5m.log.2026-04-19,141,333,1744,1744,0,0.83,0.99,29944
polymarket.hype-updown-5m.log.2026-04-19,142,338,,,,,,30011
polymarket.hype-updown-5m.log.2026-04-19,143,265,1890,,,,,28311
polymarket.hype-updown-5m.log.2026-04-19,144,272,1811,,,,,28986
polymarket.hype-updown-5m.log.2026-04-19,145,269,1175,1175,0,0.98,0.99,31247
polymarket.hype-updown-5m.log.2026-04-19,146,259,1711,1879,168,0.89,0.99,30081
polymarket.hype-updown-5m.log.2026-04-19,147,163,1377,1377,0,0.98,0.99,28991
polymarket.hype-updown-5m.log.2026-04-19,148,250,1329,1329,0,0.89,0.99,28336
polymarket.hype-updown-5m.log.2026-04-19,149,336,1886,1886,0,0.82,0.99,30130
polymarket.hype-updown-5m.log.2026-04-19,150,169,1810,1810,0,0.98,0.99,31213
polymarket.hype-updown-5m.log.2026-04-19,151,269,1366,1366,0,0.89,0.99,25999
polymarket.hype-updown-5m.log.2026-04-19,152,22,25998,25998,0,0.75,0.99,30198
polymarket.hype-updown-5m.log.2026-04-19,153,300,,,,,,28945
polymarket.hype-updown-5m.log.2026-04-19,154,169,1238,,,,,29946
polymarket.hype-updown-5m.log.2026-04-19,155,296,,,,,,28945
polymarket.hype-updown-5m.log.2026-04-19,156,41,1207,,,,,24008
polymarket.hype-updown-5m.log.2026-04-19,157,1225,,,,,,104597
polymarket.hype-updown-5m.log.2026-04-19,158,849,1802,1802,0,0.94,0.95,72624
polymarket.hype-updown-5m.log.2026-04-19,159,376,72623,72623,0,0.98,0.99,104600
polymarket.hype-updown-5m.log.2026-04-19,160,1116,1147,,,,,95576
polymarket.hype-updown-5m.log.2026-04-19,161,109,95575,,,,,104599
polymarket.hype-updown-5m.log.2026-04-19,162,869,1238,1299,61,0.89,0.99,74442
polymarket.hype-updown-5m.log.2026-04-19,163,356,74438,74532,94,0.98,0.99,104543
polymarket.hype-updown-5m.log.2026-04-19,164,1226,,,,,,104868
polymarket.hype-updown-5m.log.2026-04-19,165,842,1750,1750,0,0.98,0.99,72033
polymarket.hype-updown-5m.log.2026-04-19,166,383,72032,72046,14,0.97,0.99,104464
polymarket.hype-updown-5m.log.2026-04-19,167,1225,2412,2412,0,0.97,0.99,104442
polymarket.hype-updown-5m.log.2026-04-19,168,1226,1244,1247,3,0.91,0.99,104871
polymarket.hype-updown-5m.log.2026-04-19,169,1225,1817,1817,0,0.98,0.99,104595
polymarket.hype-updown-5m.log.2026-04-19,170,1225,1323,1323,0,0.97,0.99,104595
polymarket.hype-updown-5m.log.2026-04-19,171,118,1661,1661,0,0.8,0.84,9676
polymarket.hype-updown-5m.log.2026-04-19,172,593,9675,9675,0,0.79,0.99,60678
polymarket.hype-updown-5m.log.2026-04-19,173,99,60677,60677,0,0.79,0.99,69077
polymarket.hype-updown-5m.log.2026-04-19,174,416,69075,69077,2,0.79,0.99,104890
polymarket.hype-updown-5m.log.2026-04-19,175,1225,1253,1253,0,0.98,0.99,104540
polymarket.hype-updown-5m.log.2026-04-19,176,1225,1810,1810,0,0.98,0.99,104587
polymarket.hype-updown-5m.log.2026-04-19,177,1225,1262,1333,71,0.89,0.99,104573
polymarket.hype-updown-5m.log.2026-04-19,178,1226,1292,,,,,104920
polymarket.hype-updown-5m.log.2026-04-19,179,875,,,,,,104584
polymarket.hype-updown-5m.log.2026-04-19,180,529,1224,1265,41,0.9,0.99,45045
polymarket.hype-updown-5m.log.2026-04-19,181,35,45044,45069,25,0.9,0.99,48073
polymarket.hype-updown-5m.log.2026-04-19,183,659,48041,48669,628,0.9,0.99,104469
polymarket.hype-updown-5m.log.2026-04-19,184,383,,,,,,32512
polymarket.hype-updown-5m.log.2026-04-19,185,132,,,,,,43912
polymarket.hype-updown-5m.log.2026-04-19,186,153,,,,,,57112
polymarket.hype-updown-5m.log.2026-04-19,187,99,,,,,,65512
polymarket.hype-updown-5m.log.2026-04-19,188,98,,,,,,73912
polymarket.hype-updown-5m.log.2026-04-19,189,16,,,,,,75112
polymarket.hype-updown-5m.log.2026-04-19,190,161,,,,,,88912
polymarket.hype-updown-5m.log.2026-04-19,191,33,,,,,,91912
polymarket.hype-updown-5m.log.2026-04-19,192,85,,,,,,99112
polymarket.hype-updown-5m.log.2026-04-19,193,14,,,,,,100312
polymarket.hype-updown-5m.log.2026-04-19,194,52,,,,,,104912
polymarket.hype-updown-5m.log.2026-04-19,195,1225,1281,,,,,104509
polymarket.hype-updown-5m.log.2026-04-19,196,1227,1115,,,,,104939
polymarket.hype-updown-5m.log.2026-04-19,197,1225,1338,1338,0,0.98,0.99,104599
polymarket.hype-updown-5m.log.2026-04-19,198,1225,1216,1255,39,0.98,0.99,104503
polymarket.hype-updown-5m.log.2026-04-19,199,51,1642,1813,171,0.84,0.97,4215
polymarket.hype-updown-5m.log.2026-04-19,200,1175,4214,4214,0,0.84,0.97,104844
polymarket.hype-updown-5m.log.2026-04-19,201,350,,,,,,104539
polymarket.hype-updown-5m.log.2026-04-19,202,1225,1856,1864,8,0.91,0.99,104598
polymarket.hype-updown-5m.log.2026-04-19,203,1225,1824,,,,,104600
polymarket.hype-updown-5m.log.2026-04-19,204,1225,1791,1791,0,0.98,0.99,104575
polymarket.hype-updown-5m.log.2026-04-19,205,33,1150,1150,0,0.97,0.99,2454
polymarket.hype-updown-5m.log.2026-04-19,206,1192,2446,2446,0,0.98,0.99,104601
polymarket.hype-updown-5m.log.2026-04-19,207,1225,1207,1207,0,0.98,0.99,104593
polymarket.hype-updown-5m.log.2026-04-19,208,1225,1141,1141,0,0.98,0.99,104525
polymarket.hype-updown-5m.log.2026-04-19,209,598,1825,1870,45,0.93,0.99,51104
polymarket.hype-updown-5m.log.2026-04-19,210,627,51089,51115,26,0.9,0.99,104511
polymarket.hype-updown-5m.log.2026-04-19,211,1069,1336,,,,,91383
polymarket.hype-updown-5m.log.2026-04-19,212,156,91351,,,,,104590
polymarket.hype-updown-5m.log.2026-04-19,213,1225,1802,1985,183,0.89,0.98,104596
polymarket.hype-updown-5m.log.2026-04-19,214,1076,1804,1818,14,0.91,0.99,91829
polymarket.hype-updown-5m.log.2026-04-19,215,149,91828,91828,0,0.52,0.85,104443
polymarket.hype-updown-5m.log.2026-04-19,216,682,1928,1948,20,0.98,0.99,58350
polymarket.hype-updown-5m.log.2026-04-19,217,543,58349,58349,0,0.79,0.99,104554
polymarket.hype-updown-5m.log.2026-04-19,218,1124,1919,1919,0,0.98,0.99,96157
polymarket.hype-updown-5m.log.2026-04-19,219,101,96156,96156,0,0.98,0.99,104583
polymarket.hype-updown-5m.log.2026-04-19,220,1225,1236,1236,0,0.98,0.99,104600
polymarket.hype-updown-5m.log.2026-04-19,221,1173,1844,1844,0,0.98,0.99,100270
polymarket.hype-updown-5m.log.2026-04-19,222,52,100269,100269,0,0.91,0.99,104499
polymarket.hype-updown-5m.log.2026-04-19,223,1227,1393,1714,321,0.86,0.98,104961
polymarket.hype-updown-5m.log.2026-04-19,224,1225,1363,1363,0,0.98,0.99,104589
polymarket.hype-updown-5m.log.2026-04-19,225,1225,1208,1208,0,0.8,0.99,104592
polymarket.hype-updown-5m.log.2026-04-19,226,208,1893,1919,26,0.97,0.98,17591
polymarket.hype-updown-5m.log.2026-04-19,227,1017,17590,17590,0,0.97,0.99,104593
polymarket.hype-updown-5m.log.2026-04-19,228,1225,1302,1302,0,0.994,0.998,104598
polymarket.hype-updown-5m.log.2026-04-19,229,1225,1286,,,,,104545
polymarket.hype-updown-5m.log.2026-04-19,230,1225,1813,1813,0,0.98,0.99,104595
polymarket.hype-updown-5m.log.2026-04-19,231,1228,1781,1835,54,0.8,0.99,104997
polymarket.hype-updown-5m.log.2026-04-19,232,1225,1238,1238,0,0.91,0.99,104599
polymarket.hype-updown-5m.log.2026-04-19,233,1225,1278,1278,0,0.98,0.99,104585
polymarket.hype-updown-5m.log.2026-04-19,234,1225,1296,,,,,104585
polymarket.hype-updown-5m.log.2026-04-19,235,1225,1243,1243,0,0.94,0.99,104575
polymarket.hype-updown-5m.log.2026-04-19,236,1225,1795,1795,0,0.98,0.99,104556
polymarket.hype-updown-5m.log.2026-04-19,237,1225,1816,1816,0,0.98,0.99,104507
polymarket.hype-updown-5m.log.2026-04-19,238,926,1811,1811,0,0.98,0.99,87654
polymarket.hype-updown-5m.log.2026-04-19,239,1226,1838,1838,0,0.98,0.99,104909
polymarket.hype-updown-5m.log.2026-04-19,240,1225,1859,1859,0,0.89,0.99,104583
polymarket.hype-updown-5m.log.2026-04-19,241,1226,1065,1065,0,0.8,0.97,104960
polymarket.hype-updown-5m.log.2026-04-19,242,1225,1272,1272,0,0.98,0.99,104568
polymarket.hype-updown-5m.log.2026-04-19,243,537,1803,1803,0,0.95,0.99,45736
polymarket.hype-updown-5m.log.2026-04-19,244,688,45735,45735,0,0.98,0.99,104577
polymarket.hype-updown-5m.log.2026-04-19,245,1225,1225,,,,,104594
polymarket.hype-updown-5m.log.2026-04-19,246,1225,1829,1873,44,0.91,0.97,104499
polymarket.hype-updown-5m.log.2026-04-19,247,1225,1190,1198,8,0.98,0.99,104582
polymarket.hype-updown-5m.log.2026-04-19,248,898,1865,1865,0,0.98,0.99,76898
polymarket.hype-updown-5m.log.2026-04-19,249,327,76897,76897,0,0.33,0.99,104533
polymarket.hype-updown-5m.log.2026-04-19,250,85,1803,,,,,7205
polymarket.hype-updown-5m.log.2026-04-19,251,684,7204,,,,,65594
polymarket.hype-updown-5m.log.2026-04-19,252,456,65593,,,,,104593
polymarket.hype-updown-5m.log.2026-04-19,253,1225,1812,1812,0,0.98,0.99,104597
polymarket.hype-updown-5m.log.2026-04-19,254,1225,1258,1258,0,0.96,0.99,104554
polymarket.hype-updown-5m.log.2026-04-19,255,1225,1363,1363,0,0.91,0.99,104590
polymarket.hype-updown-5m.log.2026-04-19,256,1225,1831,1831,0,0.98,0.99,104569
polymarket.hype-updown-5m.log.2026-04-19,257,1226,1285,1285,0,0.98,0.99,104957
polymarket.hype-updown-5m.log.2026-04-19,258,1225,1833,1833,0,0.93,0.99,104476
polymarket.hype-updown-5m.log.2026-04-19,259,1225,1296,,,,,104561
polymarket.hype-updown-5m.log.2026-04-19,260,1225,1197,1209,12,0.79,0.99,104461
polymarket.hype-updown-5m.log.2026-04-19,261,1225,2412,2412,0,0.98,0.99,104583
polymarket.hype-updown-5m.log.2026-04-19,262,1225,1809,1976,167,0.79,0.99,104599
polymarket.hype-updown-5m.log.2026-04-19,263,1225,1229,1229,0,0.98,0.99,104494
polymarket.hype-updown-5m.log.2026-04-19,264,654,1862,,,,,55884
polymarket.hype-updown-5m.log.2026-04-19,265,571,55883,,,,,104504
polymarket.hype-updown-5m.log.2026-04-19,266,1225,1191,1191,0,0.97,0.98,104534
polymarket.hype-updown-5m.log.2026-04-19,267,1225,1817,,,,,104464
polymarket.hype-updown-5m.log.2026-04-19,268,129,1939,1939,0,0.02,0.99,10965
polymarket.hype-updown-5m.log.2026-04-19,269,154,10964,10988,24,0.98,0.99,24165
polymarket.hype-updown-5m.log.2026-04-19,270,394,24164,24186,22,0.98,0.99,57787
polymarket.hype-updown-5m.log.2026-04-19,271,236,57786,57786,0,0.95,0.99,78165
polymarket.hype-updown-5m.log.2026-04-19,272,312,78164,78188,24,0.98,0.99,104599
polymarket.hype-updown-5m.log.2026-04-19,273,554,1376,1840,464,0.86,0.99,47409
polymarket.hype-updown-5m.log.2026-04-19,274,671,47408,47437,29,0.86,0.99,104596
polymarket.hype-updown-5m.log.2026-04-19,275,1225,1264,1264,0,0.91,0.99,104564
polymarket.hype-updown-5m.log.2026-04-19,276,143,1223,1238,15,0.98,0.99,12113
polymarket.hype-updown-5m.log.2026-04-19,277,171,12112,12699,587,0.98,0.99,26534
polymarket.hype-updown-5m.log.2026-04-19,278,518,26533,27098,565,0.98,0.99,70934
polymarket.hype-updown-5m.log.2026-04-19,279,364,70933,71499,566,0.98,0.99,102134
polymarket.hype-updown-5m.log.2026-04-19,280,29,102133,102700,567,0.98,0.99,104533
polymarket.hype-updown-5m.log.2026-04-19,281,379,1119,1119,0,0.98,0.99,32418
polymarket.hype-updown-5m.log.2026-04-19,282,846,32417,32417,0,0.98,0.99,104602
polymarket.hype-updown-5m.log.2026-04-19,283,1226,1830,1830,0,0.02,0.99,104825
polymarket.hype-updown-5m.log.2026-04-19,284,1225,1331,1802,471,0.91,0.99,104580
polymarket.hype-updown-5m.log.2026-04-19,285,1225,1212,1212,0,0.98,0.99,104576
polymarket.hype-updown-5m.log.2026-04-19,286,1226,1189,1189,0,0.01,0.99,104846
polymarket.hype-updown-5m.log.2026-04-19,287,1225,1810,1869,59,0.98,0.99,104596
polymarket.hype-updown-5m.log.2026-04-19,288,1225,1207,,,,,104578
polymarket.hype-updown-5m.log.2026-04-19,289,1225,,,,,,104534
polymarket.hype-updown-5m.log.2026-04-19,290,1225,,,,,,104599
polymarket.hype-updown-5m.log.2026-04-19,291,1226,1764,1924,160,0.89,0.99,104966
polymarket.hype-updown-5m.log.2026-04-19,292,44,1390,,,,,3791
polymarket.hype-updown-5m.log.2026-04-19,294,144,3790,,,,,16391
polymarket.hype-updown-5m.log.2026-04-19,295,97,16390,,,,,24791
polymarket.hype-updown-5m.log.2026-04-19,297,532,24790,,,,,70391
polymarket.hype-updown-5m.log.2026-04-19,298,41,70390,,,,,73991
polymarket.hype-updown-5m.log.2026-04-19,300,231,73990,,,,,93791
polymarket.hype-updown-5m.log.2026-04-19,301,128,93790,,,,,104591
polymarket.hype-updown-5m.log.2026-04-19,302,221,1331,1331,0,0.89,0.99,18750
polymarket.hype-updown-5m.log.2026-04-19,303,315,18749,18749,0,0.03,0.99,45751
polymarket.hype-updown-5m.log.2026-04-19,304,308,45750,45750,0,0.03,0.99,72151
polymarket.hype-updown-5m.log.2026-04-19,305,381,72150,72150,0,0.81,0.99,104578
polymarket.hype-updown-5m.log.2026-04-19,306,1225,1784,1879,95,0.98,0.99,104480
polymarket.hype-updown-5m.log.2026-04-19,307,1225,1958,1961,3,0.79,0.99,104597
polymarket.hype-updown-5m.log.2026-04-19,308,1225,1831,1854,23,0.92,0.99,104469
polymarket.hype-updown-5m.log.2026-04-19,309,1227,1769,1769,0,0.991,0.999,104971
polymarket.hype-updown-5m.log.2026-04-19,310,286,1276,1276,0,0.01,0.02,24109
polymarket.hype-updown-5m.log.2026-04-19,311,939,24108,24658,550,0.97,0.99,104510
polymarket.hype-updown-5m.log.2026-04-19,312,892,1109,,,,,76354
polymarket.hype-updown-5m.log.2026-04-19,313,333,76353,,,,,104587
polymarket.hype-updown-5m.log.2026-04-19,314,1226,1667,1900,233,0.98,0.99,104869
polymarket.hype-updown-5m.log.2026-04-19,315,1225,1273,1299,26,0.96,0.99,104574
polymarket.hype-updown-5m.log.2026-04-19,316,1225,1367,1367,0,0.79,0.99,104600
polymarket.hype-updown-5m.log.2026-04-19,317,1225,1132,1132,0,0.91,0.99,104598
polymarket.hype-updown-5m.log.2026-04-19,318,1225,1236,1236,0,0.98,0.99,104587
polymarket.hype-updown-5m.log.2026-04-19,319,975,1867,1867,0,0.69,0.8,83474
polymarket.hype-updown-5m.log.2026-04-19,320,250,83473,83473,0,0.98,0.99,104542
polymarket.hype-updown-5m.log.2026-04-19,321,1225,1115,,,,,104453
polymarket.hype-updown-5m.log.2026-04-19,322,904,1899,1899,0,0.98,0.99,91925
polymarket.hype-updown-5m.log.2026-04-19,323,1225,1210,1262,52,0.91,0.99,104580
polymarket.hype-updown-5m.log.2026-04-19,324,1225,1357,1357,0,0.98,0.99,104561
polymarket.hype-updown-5m.log.2026-04-19,325,1225,1838,,,,,104492
polymarket.hype-updown-5m.log.2026-04-19,326,110,1129,,,,,9022
polymarket.hype-updown-5m.log.2026-04-19,327,252,9021,,,,,30624
polymarket.hype-updown-5m.log.2026-04-19,328,863,30623,,,,,104586
polymarket.hype-updown-5m.log.2026-04-19,329,1225,1211,1218,7,0.89,0.99,104520
polymarket.hype-updown-5m.log.2026-04-19,330,1225,1874,1908,34,0.5,0.99,104509
polymarket.hype-updown-5m.log.2026-04-19,331,1223,1813,1813,0,0.98,0.99,104429
polymarket.hype-updown-5m.log.2026-04-19,333,1227,1261,1263,2,0.9,0.99,104929
polymarket.hype-updown-5m.log.2026-04-19,334,1225,1204,1204,0,0.05,0.99,104586
polymarket.hype-updown-5m.log.2026-04-19,335,1225,1256,1256,0,0.98,0.99,104514
polymarket.hype-updown-5m.log.2026-04-19,336,1226,1755,1929,174,0.97,0.99,104957
polymarket.hype-updown-5m.log.2026-04-19,337,1225,1270,1307,37,0.89,0.99,104521
polymarket.hype-updown-5m.log.2026-04-19,338,1226,1826,1826,0,0.98,0.99,104963
polymarket.hype-updown-5m.log.2026-04-19,339,705,1878,1878,0,0.97,0.99,60102
polymarket.hype-updown-5m.log.2026-04-19,340,209,60101,60101,0,0.991,0.999,78102
polymarket.hype-updown-5m.log.2026-04-19,341,64,78101,78101,0,0.98,0.99,83502
polymarket.hype-updown-5m.log.2026-04-19,342,247,83501,83501,0,0.98,0.99,104502
polymarket.hype-updown-5m.log.2026-04-19,343,1225,1829,,,,,104571
polymarket.hype-updown-5m.log.2026-04-19,344,1225,1879,1879,0,0.98,0.99,104558
polymarket.hype-updown-5m.log.2026-04-19,345,1225,1209,1240,31,0.991,0.999,104593
polymarket.hype-updown-5m.log.2026-04-19,346,1226,1958,1958,0,0.98,0.99,104924
polymarket.hype-updown-5m.log.2026-04-19,347,149,1354,1354,0,0.91,0.99,12605
polymarket.hype-updown-5m.log.2026-04-19,348,77,12604,12612,8,0.85,0.94,19205
polymarket.hype-updown-5m.log.2026-04-19,349,999,19204,19204,0,0.97,0.99,104591
polymarket.hype-updown-5m.log.2026-04-19,350,1225,1205,1342,137,0.98,0.99,104565
polymarket.hype-updown-5m.log.2026-04-20,0,1225,1267,1267,0,0.98,0.99,104521
polymarket.hype-updown-5m.log.2026-04-20,1,1225,1255,,,,,104463
polymarket.hype-updown-5m.log.2026-04-20,2,114,4163,4213,50,0.55,0.85,9614
polymarket.hype-updown-5m.log.2026-04-20,3,79,9613,9613,0,0.55,0.85,16214
polymarket.hype-updown-5m.log.2026-04-20,5,32,16213,16213,0,0.98,0.99,19214
polymarket.hype-updown-5m.log.2026-04-20,6,237,19213,19214,1,0.98,0.99,39615
polymarket.hype-updown-5m.log.2026-04-20,8,758,39614,39615,1,0.55,0.85,104414
polymarket.hype-updown-5m.log.2026-04-20,9,479,2444,2444,0,0.98,0.99,40845
polymarket.hype-updown-5m.log.2026-04-20,10,14,40844,40844,0,0.98,0.99,42045
polymarket.hype-updown-5m.log.2026-04-20,11,24,42044,42044,0,0.97,0.98,43845
polymarket.hype-updown-5m.log.2026-04-20,12,222,43844,43844,0,0.97,0.98,63045
polymarket.hype-updown-5m.log.2026-04-20,13,92,63044,63044,0,0.97,0.98,70844
polymarket.hype-updown-5m.log.2026-04-20,14,57,70843,70843,0,0.95,0.99,75645
polymarket.hype-updown-5m.log.2026-04-20,15,28,75644,76243,599,0.98,0.99,78045
polymarket.hype-updown-5m.log.2026-04-20,16,236,78044,78645,601,0.95,0.99,98445
polymarket.hype-updown-5m.log.2026-04-20,17,73,98444,98444,0,0.95,0.99,104444
polymarket.hype-updown-5m.log.2026-04-20,18,1225,1194,1954,760,0.98,0.99,104555
polymarket.hype-updown-5m.log.2026-04-20,19,1225,1278,,,,,104549
polymarket.hype-updown-5m.log.2026-04-20,20,1225,1147,1201,54,0.98,0.99,104512
polymarket.hype-updown-5m.log.2026-04-20,21,1225,2403,2456,53,0.98,0.99,104460
polymarket.hype-updown-5m.log.2026-04-20,22,1225,1864,1864,0,0.49,0.99,104561
polymarket.hype-updown-5m.log.2026-04-20,23,51,2462,2596,134,0.98,0.99,4363
polymarket.hype-updown-5m.log.2026-04-20,24,1174,4362,4397,35,0.98,0.99,104598
polymarket.hype-updown-5m.log.2026-04-20,25,871,1206,1868,662,0.03,0.99,74439
polymarket.hype-updown-5m.log.2026-04-20,26,354,74438,74469,31,0.03,0.99,104469
polymarket.hype-updown-5m.log.2026-04-20,27,1226,1126,,,,,104937
polymarket.hype-updown-5m.log.2026-04-20,28,1225,2401,2401,0,0.98,0.99,104591
polymarket.hype-updown-5m.log.2026-04-20,29,1227,2251,,,,,104924
polymarket.hype-updown-5m.log.2026-04-20,30,182,,,,,,27592
polymarket.hype-updown-5m.log.2026-04-20,31,521,1177,,,,,44495
polymarket.hype-updown-5m.log.2026-04-20,32,704,44494,,,,,104503
polymarket.hype-updown-5m.log.2026-04-20,33,1225,1160,,,,,104584
polymarket.hype-updown-5m.log.2026-04-20,34,161,1591,1591,0,0.42,0.43,13372
polymarket.hype-updown-5m.log.2026-04-20,35,1067,13371,13371,0,0.4,0.99,104993
polymarket.hype-updown-5m.log.2026-04-20,36,1011,1779,1920,141,0.98,0.99,86522
polymarket.hype-updown-5m.log.2026-04-20,37,215,86521,86580,59,0.98,0.99,104979
polymarket.hype-updown-5m.log.2026-04-20,38,1225,,,,,,104493
polymarket.hype-updown-5m.log.2026-04-20,39,1225,1822,1822,0,0.98,0.99,104613
polymarket.hype-updown-5m.log.2026-04-20,40,1223,1977,1977,0,0.98,0.99,104578
polymarket.hype-updown-5m.log.2026-04-20,42,1225,1914,1914,0,0.98,0.99,104527
polymarket.hype-updown-5m.log.2026-04-20,43,1225,1933,,,,,104587
polymarket.hype-updown-5m.log.2026-04-20,44,1225,1861,1861,0,0.98,0.99,104592
polymarket.hype-updown-5m.log.2026-04-20,45,17,,,,,,1240
polymarket.hype-updown-5m.log.2026-04-20,46,481,1391,1391,0,0.89,0.99,42675
polymarket.hype-updown-5m.log.2026-04-20,47,727,42793,42793,0,0.89,0.99,104592
polymarket.hype-updown-5m.log.2026-04-20,48,875,1845,1845,0,0.98,0.99,74549
polymarket.hype-updown-5m.log.2026-04-20,49,1225,,,,,,104435
polymarket.hype-updown-5m.log.2026-04-20,50,1225,1975,2449,474,0.65,0.99,104575
polymarket.hype-updown-5m.log.2026-04-20,51,1102,1810,1810,0,0.98,0.99,94228
polymarket.hype-updown-5m.log.2026-04-20,52,123,94227,94227,0,0.98,0.99,104508
polymarket.hype-updown-5m.log.2026-04-20,53,1225,1962,1962,0,0.99,0.999,104601
polymarket.hype-updown-5m.log.2026-04-20,54,1081,2447,2511,64,0.2,0.95,92566
polymarket.hype-updown-5m.log.2026-04-20,55,144,92567,93111,544,0.2,0.95,104646
polymarket.hype-updown-5m.log.2026-04-20,56,657,1823,1823,0,0.98,0.99,55905
polymarket.hype-updown-5m.log.2026-04-20,57,568,56424,56424,0,0.98,0.99,104505
polymarket.hype-updown-5m.log.2026-04-20,58,1225,1842,1842,0,0.9,0.99,104443
polymarket.hype-updown-5m.log.2026-04-20,59,689,1807,2413,606,0.89,0.99,58815
polymarket.hype-updown-5m.log.2026-04-20,60,536,58814,58814,0,0.89,0.99,104579
polymarket.hype-updown-5m.log.2026-04-20,61,1225,1917,1940,23,0.998,0.999,104601
polymarket.hype-updown-5m.log.2026-04-20,62,1225,1823,1823,0,0.95,0.99,104542
polymarket.hype-updown-5m.log.2026-04-20,63,1226,,,,,,104876
polymarket.hype-updown-5m.log.2026-04-20,64,944,2924,2924,0,0.9,0.91,80562
polymarket.hype-updown-5m.log.2026-04-20,65,282,80925,80925,0,0.9,0.91,104925
polymarket.hype-updown-5m.log.2026-04-20,66,1225,2408,2408,0,0.89,0.99,104438
polymarket.hype-updown-5m.log.2026-04-20,67,1225,1973,,,,,104596
polymarket.hype-updown-5m.log.2026-04-20,68,1225,,,,,,104525
polymarket.hype-updown-5m.log.2026-04-20,69,1225,2498,2498,0,0.98,0.99,104560
polymarket.hype-updown-5m.log.2026-04-20,70,216,1799,1799,0,0.97,0.99,18187
polymarket.hype-updown-5m.log.2026-04-20,71,301,18599,18599,0,0.97,0.99,43987
polymarket.hype-updown-5m.log.2026-04-20,72,84,44401,44401,0,0.97,0.99,51187
polymarket.hype-updown-5m.log.2026-04-20,73,624,51600,51600,0,0.97,0.99,104586
polymarket.hype-updown-5m.log.2026-04-20,74,663,1904,,,,,56504
polymarket.hype-updown-5m.log.2026-04-20,75,319,56503,,,,,102120
polymarket.hype-updown-5m.log.2026-04-20,76,1225,2485,2485,0,0.9,0.99,104562
polymarket.hype-updown-5m.log.2026-04-20,77,247,2526,,,,,21065
polymarket.hype-updown-5m.log.2026-04-20,78,954,21127,,,,,102678
polymarket.hype-updown-5m.log.2026-04-20,79,24,102727,,,,,104527
polymarket.hype-updown-5m.log.2026-04-20,80,1225,1817,,,,,104590
polymarket.hype-updown-5m.log.2026-04-20,81,334,1819,,,,,28359
polymarket.hype-updown-5m.log.2026-04-20,82,891,28819,,,,,104600
polymarket.hype-updown-5m.log.2026-04-20,83,305,1349,1349,0,0.98,0.99,25910
polymarket.hype-updown-5m.log.2026-04-20,84,455,25950,25950,0,0.98,0.99,64908
polymarket.hype-updown-5m.log.2026-04-20,85,465,64951,64951,0,0.98,0.99,104565
polymarket.hype-updown-5m.log.2026-04-20,86,482,2555,2555,0,0.98,0.99,40958
polymarket.hype-updown-5m.log.2026-04-20,87,743,41557,41557,0,0.98,0.99,104558
polymarket.hype-updown-5m.log.2026-04-20,88,429,1941,,,,,36676
polymarket.hype-updown-5m.log.2026-04-20,89,750,36743,,,,,104541
polymarket.hype-updown-5m.log.2026-04-20,90,1225,2459,,,,,104581
polymarket.hype-updown-5m.log.2026-04-20,91,707,3409,3409,0,0.65,0.99,60190
polymarket.hype-updown-5m.log.2026-04-20,92,1225,,,,,,104588
polymarket.hype-updown-5m.log.2026-04-20,93,946,1125,1125,0,0.49,0.51,81017
polymarket.hype-updown-5m.log.2026-04-20,94,279,81015,81015,0,0.48,0.52,104440
polymarket.hype-updown-5m.log.2026-04-20,95,325,1268,1268,0,0.48,0.52,27731
polymarket.hype-updown-5m.log.2026-04-20,96,708,27730,27730,0,0.48,0.52,88332
polymarket.hype-updown-5m.log.2026-04-20,97,192,88331,88331,0,0.48,0.52,104547
polymarket.hype-updown-5m.log.2026-04-20,98,1225,1857,1857,0,0.48,0.52,104538
polymarket.hype-updown-5m.log.2026-04-20,99,1225,1781,1781,0,0.1,0.9,104504
polymarket.hype-updown-5m.log.2026-04-20,100,1225,1987,1987,0,0.1,0.9,104596
polymarket.hype-updown-5m.log.2026-04-20,101,1225,1840,1840,0,0.48,0.52,104594
polymarket.hype-updown-5m.log.2026-04-20,102,1226,1204,1204,0,0.04,0.96,104639
polymarket.hype-updown-5m.log.2026-04-20,103,1225,1751,1751,0,0.98,0.99,104438
polymarket.hype-updown-5m.log.2026-04-20,104,1227,1278,1278,0,0.54,0.99,104945
polymarket.hype-updown-5m.log.2026-04-20,105,1225,1801,1836,35,0.85,0.99,104535
polymarket.hype-updown-5m.log.2026-04-20,106,1050,1813,1820,7,0.9,0.99,104478
polymarket.hype-updown-5m.log.2026-04-20,107,1225,1276,1276,0,0.98,0.99,104497
polymarket.hype-updown-5m.log.2026-04-20,108,1227,2269,2269,0,0.77,0.99,104952
polymarket.hype-updown-5m.log.2026-04-20,109,1225,1749,1749,0,0.07,0.18,104474
polymarket.hype-updown-5m.log.2026-04-20,110,517,1946,,,,,43975
polymarket.hype-updown-5m.log.2026-04-21,0,71,,,,,,6031
polymarket.hype-updown-5m.log.2026-04-21,1,382,,,,,,38500
polymarket.hype-updown-5m.log.2026-04-21,2,772,,,,,,104503
polymarket.hype-updown-5m.log.2026-04-21,3,669,1284,1284,0,0.98,0.99,57090
polymarket.hype-updown-5m.log.2026-04-21,4,163,57085,57085,0,0.98,0.99,70891
polymarket.hype-updown-5m.log.2026-04-21,5,75,70890,70890,0,0.98,0.99,77497
polymarket.hype-updown-5m.log.2026-04-21,7,234,77486,77486,0,0.98,0.99,97854
polymarket.hype-updown-5m.log.2026-04-21,8,82,97853,97880,27,0.96,0.99,104491
polymarket.hype-updown-5m.log.2026-04-21,9,1227,5461,5461,0,0.98,0.99,104861
polymarket.hype-updown-5m.log.2026-04-21,10,1225,1236,1236,0,0.98,0.99,104594
polymarket.hype-updown-5m.log.2026-04-21,11,1225,1275,1275,0,0.98,0.99,104592
polymarket.hype-updown-5m.log.2026-04-21,12,1225,,,,,,104562
polymarket.hype-updown-5m.log.2026-04-21,13,230,1876,,,,,19312
polymarket.hype-updown-5m.log.2026-04-21,14,21,19311,,,,,21112
polymarket.hype-updown-5m.log.2026-04-21,15,45,21111,,,,,25277
polymarket.hype-updown-5m.log.2026-04-21,16,353,25276,,,,,55312
polymarket.hype-updown-5m.log.2026-04-21,17,190,55311,,,,,71513
polymarket.hype-updown-5m.log.2026-04-21,18,196,71512,,,,,88313
polymarket.hype-updown-5m.log.2026-04-21,19,190,88312,,,,,104513
polymarket.hype-updown-5m.log.2026-04-21,20,255,,,,,,21628
polymarket.hype-updown-5m.log.2026-04-21,21,420,,,,,,57628
polymarket.hype-updown-5m.log.2026-04-21,22,378,,,,,,90029
polymarket.hype-updown-5m.log.2026-04-21,23,133,,,,,,101428
polymarket.hype-updown-5m.log.2026-04-21,24,39,,,,,,104600
polymarket.hype-updown-5m.log.2026-04-21,25,1226,1204,1772,568,0.65,0.99,104972
polymarket.hype-updown-5m.log.2026-04-21,26,1226,1238,,,,,104988
polymarket.hype-updown-5m.log.2026-04-21,27,1225,3010,3017,7,0.91,0.99,104450
polymarket.hype-updown-5m.log.2026-04-21,28,1225,1910,1910,0,0.98,0.99,104588
polymarket.hype-updown-5m.log.2026-04-21,29,1210,1164,1896,732,0.98,0.99,103316
polymarket.hype-updown-5m.log.2026-04-21,30,15,103315,103896,581,0.98,0.99,104514
polymarket.hype-updown-5m.log.2026-04-21,31,1225,1750,,,,,104464
polymarket.hype-updown-5m.log.2026-04-21,32,1226,1202,1686,484,0.29,0.35,104887
polymarket.hype-updown-5m.log.2026-04-21,33,1225,1285,1285,0,0.98,0.99,104569
polymarket.hype-updown-5m.log.2026-04-21,34,631,1721,1721,0,0.97,0.99,54017
polymarket.hype-updown-5m.log.2026-04-21,35,594,54016,54016,0,0.98,0.99,104461
polymarket.hype-updown-5m.log.2026-04-21,36,222,1297,1297,0,0.96,0.99,18776
polymarket.hype-updown-5m.log.2026-04-21,37,844,18775,19211,436,0.95,0.99,91211
polymarket.hype-updown-5m.log.2026-04-21,38,159,91210,91210,0,0.97,0.99,104593
polymarket.hype-updown-5m.log.2026-04-21,39,178,1710,1909,199,0.95,0.97,15115
polymarket.hype-updown-5m.log.2026-04-21,40,1048,15114,15129,15,0.69,0.99,104917
polymarket.hype-updown-5m.log.2026-04-21,41,430,1264,1264,0,0.98,0.99,36676
polymarket.hype-updown-5m.log.2026-04-21,42,795,36675,36675,0,0.98,0.99,104497
polymarket.hype-updown-5m.log.2026-04-21,43,1226,1165,1166,1,0.23,0.9,104870
polymarket.hype-updown-5m.log.2026-04-21,44,876,,,,,,104991
polymarket.hype-updown-5m.log.2026-04-21,45,1225,1206,,,,,104535
polymarket.hype-updown-5m.log.2026-04-21,46,875,,,,,,104487
polymarket.hype-updown-5m.log.2026-04-21,47,1225,1334,1801,467,0.98,0.99,104600
polymarket.hype-updown-5m.log.2026-04-21,48,536,1721,1730,9,0.95,0.99,45630
polymarket.hype-updown-5m.log.2026-04-21,49,238,45629,46229,600,0.95,0.99,66031
polymarket.hype-updown-5m.log.2026-04-21,50,451,66030,66030,0,0.95,0.99,104530
polymarket.hype-updown-5m.log.2026-04-21,51,204,1923,1965,42,0.95,0.99,17525
polymarket.hype-updown-5m.log.2026-04-21,52,375,17524,17567,43,0.95,0.99,49358
polymarket.hype-updown-5m.log.2026-04-21,53,646,49357,49367,10,0.95,0.99,104567
polymarket.hype-updown-5m.log.2026-04-21,54,1192,1213,1213,0,0.98,0.99,102014
polymarket.hype-updown-5m.log.2026-04-21,55,33,102013,102013,0,0.98,0.99,104593
polymarket.hype-updown-5m.log.2026-04-21,56,216,1836,1836,0,0.98,0.99,18153
polymarket.hype-updown-5m.log.2026-04-21,57,94,18152,18152,0,0.98,0.99,26517
polymarket.hype-updown-5m.log.2026-04-21,58,735,26516,26516,0,0.98,0.99,89517
polymarket.hype-updown-5m.log.2026-04-21,59,180,89516,89516,0,0.98,0.99,104552
polymarket.hype-updown-5m.log.2026-04-21,60,334,1179,1179,0,0.89,0.99,28319
polymarket.hype-updown-5m.log.2026-04-21,62,890,28303,28859,556,0.98,0.99,104510
polymarket.hype-updown-5m.log.2026-04-21,63,1225,1766,,,,,104490
polymarket.hype-updown-5m.log.2026-04-21,64,1226,1712,,,,,104807
polymarket.hype-updown-5m.log.2026-04-21,65,1225,1856,2473,617,0.98,0.99,104525
polymarket.hype-updown-5m.log.2026-04-21,66,1225,1852,,,,,104518
polymarket.hype-updown-5m.log.2026-04-21,67,1225,1271,,,,,104578
polymarket.hype-updown-5m.log.2026-04-21,68,145,1213,1272,59,0.91,0.95,12181
polymarket.hype-updown-5m.log.2026-04-21,69,392,12180,12674,494,0.91,0.95,45780
polymarket.hype-updown-5m.log.2026-04-21,70,688,45779,46275,496,0.91,0.95,104581
polymarket.hype-updown-5m.log.2026-04-21,71,582,1906,1906,0,0.994,0.999,49957
polymarket.hype-updown-5m.log.2026-04-21,72,643,49956,49956,0,0.98,0.99,104580
polymarket.hype-updown-5m.log.2026-04-21,73,31,1280,1860,580,0.98,0.99,2493
polymarket.hype-updown-5m.log.2026-04-21,74,1194,2492,2492,0,0.11,0.25,104566
polymarket.hype-updown-5m.log.2026-04-21,75,554,2354,,,,,47445
polymarket.hype-updown-5m.log.2026-04-21,76,671,47444,,,,,104507
polymarket.hype-updown-5m.log.2026-04-21,77,1225,1727,1727,0,0.98,0.99,104596
polymarket.hype-updown-5m.log.2026-04-21,78,1226,1233,1238,5,0.99,0.999,104923
polymarket.hype-updown-5m.log.2026-04-21,79,1225,2430,2430,0,0.98,0.99,104478
polymarket.hype-updown-5m.log.2026-04-21,80,457,1300,,,,,39144
polymarket.hype-updown-5m.log.2026-04-21,81,768,39143,,,,,104575
polymarket.hype-updown-5m.log.2026-04-21,82,1225,1815,,,,,104459
polymarket.hype-updown-5m.log.2026-04-21,83,350,1706,1844,138,0.98,0.99,104445
polymarket.hype-updown-5m.log.2026-04-21,84,1225,2413,2413,0,0.98,0.99,104591
polymarket.hype-updown-5m.log.2026-04-21,85,1225,1264,1264,0,0.98,0.99,104581
polymarket.hype-updown-5m.log.2026-04-21,86,1225,7215,7215,0,0.97,0.98,104587
polymarket.hype-updown-5m.log.2026-04-21,87,1225,1780,1780,0,0.98,0.99,104477
polymarket.hype-updown-5m.log.2026-04-21,88,876,,,,,,104932
polymarket.hype-updown-5m.log.2026-04-21,89,1225,1896,1896,0,0.98,0.99,104577
polymarket.hype-updown-5m.log.2026-04-21,90,865,1190,1190,0,0.9,0.92,73891
polymarket.hype-updown-5m.log.2026-04-21,91,308,73890,,,,,100292
polymarket.hype-updown-5m.log.2026-04-21,92,52,100291,,,,,104519
polymarket.hype-updown-5m.log.2026-04-21,93,291,,,,,,24786
polymarket.hype-updown-5m.log.2026-04-21,94,686,,,,,,83586
polymarket.hype-updown-5m.log.2026-04-21,95,249,,,,,,104962
polymarket.hype-updown-5m.log.2026-04-21,96,1225,2533,2539,6,0.94,0.99,104572
polymarket.hype-updown-5m.log.2026-04-21,97,250,1187,,,,,21092
polymarket.hype-updown-5m.log.2026-04-21,98,148,21091,,,,,33692
polymarket.hype-updown-5m.log.2026-04-21,99,124,33691,,,,,44492
polymarket.hype-updown-5m.log.2026-04-21,100,36,44491,,,,,47493
polymarket.hype-updown-5m.log.2026-04-21,101,77,47492,,,,,54092
polymarket.hype-updown-5m.log.2026-04-21,102,590,54091,,,,,104492
polymarket.hype-updown-5m.log.2026-04-21,103,1225,,,,,,104572
polymarket.hype-updown-5m.log.2026-04-21,104,175,,,,,,104539
polymarket.hype-updown-5m.log.2026-04-21,105,362,1829,1844,15,0.98,0.99,30666
polymarket.hype-updown-5m.log.2026-04-21,106,223,30665,30665,0,0.91,0.99,49866
polymarket.hype-updown-5m.log.2026-04-21,107,640,49865,49865,0,0.91,0.99,104485
polymarket.hype-updown-5m.log.2026-04-21,108,171,,,,,,14424
polymarket.hype-updown-5m.log.2026-04-21,109,77,,,,,,21024
polymarket.hype-updown-5m.log.2026-04-21,110,71,,,,,,27025
polymarket.hype-updown-5m.log.2026-04-21,111,252,,,,,,48624
polymarket.hype-updown-5m.log.2026-04-21,112,517,,,,,,93024
polymarket.hype-updown-5m.log.2026-04-21,113,36,,,,,,96025
polymarket.hype-updown-5m.log.2026-04-21,114,34,,,,,,99024
polymarket.hype-updown-5m.log.2026-04-21,115,67,,,,,,104589
polymarket.hype-updown-5m.log.2026-04-21,116,9,,,,,,784
polymarket.hype-updown-5m.log.2026-04-21,117,1216,,,,,,104598
polymarket.hype-updown-5m.log.2026-04-21,118,1225,1295,,,,,104587
polymarket.hype-updown-5m.log.2026-04-21,119,1225,1816,1816,0,0.98,0.99,104468
polymarket.hype-updown-5m.log.2026-04-21,120,1225,1812,1812,0,0.98,0.99,104476
polymarket.hype-updown-5m.log.2026-04-21,121,617,1211,1211,0,0.98,0.99,52815
polymarket.hype-updown-5m.log.2026-04-21,122,522,52814,52814,0,0.98,0.99,97373
polymarket.hype-updown-5m.log.2026-04-21,123,86,97372,97372,0,0.98,0.99,104582
polymarket.hype-updown-5m.log.2026-04-21,124,1225,1210,1210,0,0.98,0.99,104577
polymarket.hype-updown-5m.log.2026-04-21,125,1225,2336,2336,0,0.8,0.9,104589
polymarket.hype-updown-5m.log.2026-04-21,126,1226,1616,1616,0,0.58,0.59,104886
polymarket.hype-updown-5m.log.2026-04-21,127,774,1876,1876,0,0.98,0.99,66112
polymarket.hype-updown-5m.log.2026-04-21,128,342,66111,66111,0,0.991,0.999,95511
polymarket.hype-updown-5m.log.2026-04-21,129,109,95510,95510,0,0.97,0.99,104535
polymarket.hype-updown-5m.log.2026-04-21,130,227,2461,2461,0,0.97,0.99,19301
polymarket.hype-updown-5m.log.2026-04-21,131,332,19297,19297,0,0.98,0.99,47597
polymarket.hype-updown-5m.log.2026-04-21,132,667,47596,47930,334,0.02,0.5,104929
polymarket.hype-updown-5m.log.2026-04-21,133,676,2460,2460,0,0.92,0.99,57704
polymarket.hype-updown-5m.log.2026-04-21,134,350,57703,57703,0,0.97,0.99,87704
polymarket.hype-updown-5m.log.2026-04-21,135,200,87703,87703,0,0.97,0.99,104903
polymarket.hype-updown-5m.log.2026-04-21,136,1225,1340,,,,,104592
polymarket.hype-updown-5m.log.2026-04-21,137,144,2402,2402,0,0.98,0.99,12016
polymarket.hype-updown-5m.log.2026-04-21,138,673,12015,12015,0,0.98,0.99,69617
polymarket.hype-updown-5m.log.2026-04-21,139,105,69616,69616,0,0.98,0.99,78617
polymarket.hype-updown-5m.log.2026-04-21,140,303,78616,78616,0,0.98,0.99,104431
polymarket.hype-updown-5m.log.2026-04-21,141,522,,,,,,44555
polymarket.hype-updown-5m.log.2026-04-21,142,63,,,,,,49955
polymarket.hype-updown-5m.log.2026-04-21,143,210,,,,,,67955
polymarket.hype-updown-5m.log.2026-04-21,144,343,,,,,,97356
polymarket.hype-updown-5m.log.2026-04-21,145,87,,,,,,104577
polymarket.hype-updown-5m.log.2026-04-21,146,613,,,,,,52279
polymarket.hype-updown-5m.log.2026-04-21,147,612,,,,,,104508
polymarket.hype-updown-5m.log.2026-04-21,148,814,4780,4808,28,0.9,0.99,69663
polymarket.hype-updown-5m.log.2026-04-21,149,411,69662,69662,0,0.9,0.99,104524
polymarket.hype-updown-5m.log.2026-04-21,150,5,,,,,,77
polymarket.hype-updown-5m.log.2026-04-21,151,260,1840,,,,,22277
polymarket.hype-updown-5m.log.2026-04-21,152,84,22276,,,,,29478
polymarket.hype-updown-5m.log.2026-04-21,153,133,29477,,,,,40877
polymarket.hype-updown-5m.log.2026-04-21,154,98,40876,,,,,49278
polymarket.hype-updown-5m.log.2026-04-21,155,89,49277,,,,,57078
polymarket.hype-updown-5m.log.2026-04-21,156,218,57077,,,,,75679
polymarket.hype-updown-5m.log.2026-04-21,157,6,75677,,,,,76278
polymarket.hype-updown-5m.log.2026-04-21,158,70,76277,,,,,82278
polymarket.hype-updown-5m.log.2026-04-21,160,260,82277,,,,,104477
polymarket.hype-updown-5m.log.2026-04-21,161,1225,1837,1860,23,0.97,0.99,104494
polymarket.hype-updown-5m.log.2026-04-21,162,34,1854,1854,0,0.91,0.99,2499
polymarket.hype-updown-5m.log.2026-04-21,163,84,2498,2498,0,0.55,0.59,9699
polymarket.hype-updown-5m.log.2026-04-21,164,28,9698,10255,557,0.91,0.99,12099
polymarket.hype-updown-5m.log.2026-04-21,165,98,12098,12655,557,0.91,0.99,20499
polymarket.hype-updown-5m.log.2026-04-21,166,981,20498,20498,0,0.55,0.59,104499
polymarket.hype-updown-5m.log.2026-04-21,167,26,,,,,,1838
polymarket.hype-updown-5m.log.2026-04-21,168,7,,,,,,2438
polymarket.hype-updown-5m.log.2026-04-21,169,98,5387,5387,0,0.98,0.99,10838
polymarket.hype-updown-5m.log.2026-04-21,170,26,10837,10837,0,0.97,0.99,13238
polymarket.hype-updown-5m.log.2026-04-21,171,23,13237,13237,0,0.97,0.99,15038
polymarket.hype-updown-5m.log.2026-04-21,172,6,15037,15037,0,0.92,0.99,15638
polymarket.hype-updown-5m.log.2026-04-21,173,148,15637,15637,0,0.92,0.99,28238
polymarket.hype-updown-5m.log.2026-04-21,174,13,28237,28237,0,0.98,0.99,29438
polymarket.hype-updown-5m.log.2026-04-21,175,119,29437,29437,0,0.97,0.99,39638
polymarket.hype-updown-5m.log.2026-04-21,176,693,39637,39637,0,0.97,0.99,99039
polymarket.hype-updown-5m.log.2026-04-21,177,66,99038,99038,0,0.95,0.98,104452
polymarket.hype-updown-5m.log.2026-04-21,178,1227,1758,1770,12,0.77,0.99,104970
polymarket.hype-updown-5m.log.2026-04-21,179,1225,1852,,,,,104537
polymarket.hype-updown-5m.log.2026-04-21,180,160,1824,1824,0,0.98,0.99,13272
polymarket.hype-updown-5m.log.2026-04-21,181,1036,13271,13271,0,0.89,0.99,102074
polymarket.hype-updown-5m.log.2026-04-21,182,29,102073,102073,0,0.98,0.99,104472
polymarket.hype-updown-5m.log.2026-04-21,183,12,,,,,,677
polymarket.hype-updown-5m.log.2026-04-21,184,286,1172,1172,0,0.98,0.99,25277
polymarket.hype-updown-5m.log.2026-04-21,185,862,25276,25276,0,0.79,0.99,99078
polymarket.hype-updown-5m.log.2026-04-21,186,65,99077,99077,0,0.98,0.99,104498
polymarket.hype-updown-5m.log.2026-04-21,187,1225,1292,1292,0,0.98,0.99,104598
polymarket.hype-updown-5m.log.2026-04-21,188,428,1901,1901,0,0.98,0.99,36703
polymarket.hype-updown-5m.log.2026-04-21,189,797,36702,36702,0,0.98,0.99,104560
polymarket.hype-updown-5m.log.2026-04-21,190,1225,1921,,,,,104576
polymarket.hype-updown-5m.log.2026-04-21,191,1226,1748,1748,0,0.95,0.99,104948
polymarket.hype-updown-5m.log.2026-04-21,192,814,1306,1366,60,0.9,0.99,69725
polymarket.hype-updown-5m.log.2026-04-21,193,411,69723,69729,6,0.98,0.99,104589
polymarket.hype-updown-5m.log.2026-04-21,194,177,1117,1117,0,0.89,0.9,15006
polymarket.hype-updown-5m.log.2026-04-21,195,644,15005,15602,597,0.89,0.9,70206
polymarket.hype-updown-5m.log.2026-04-21,196,404,70205,70801,596,0.89,0.9,104459
polymarket.hype-updown-5m.log.2026-04-21,197,370,3013,,,,,31258
polymarket.hype-updown-5m.log.2026-04-21,198,147,31257,,,,,43858
polymarket.hype-updown-5m.log.2026-04-21,199,27,43857,,,,,46258
polymarket.hype-updown-5m.log.2026-04-21,200,681,46257,,,,,104462
polymarket.hype-updown-5m.log.2026-04-21,201,1225,1923,,,,,104567
polymarket.hype-updown-5m.log.2026-04-21,202,1225,2454,2454,0,0.97,0.99,104499
polymarket.hype-updown-5m.log.2026-04-21,203,843,1787,1787,0,0.3,0.31,72015
polymarket.hype-updown-5m.log.2026-04-21,204,70,72014,72589,575,0.3,0.31,78015
polymarket.hype-updown-5m.log.2026-04-21,205,313,78014,78588,574,0.3,0.31,104989
polymarket.hype-updown-5m.log.2026-04-21,206,1227,1843,1943,100,0.93,0.99,104984
polymarket.hype-updown-5m.log.2026-04-21,207,1225,1919,,,,,104601
polymarket.hype-updown-5m.log.2026-04-21,208,123,1189,1189,0,0.98,0.99,10282
polymarket.hype-updown-5m.log.2026-04-21,209,29,10281,10281,0,0.98,0.99,12683
polymarket.hype-updown-5m.log.2026-04-21,210,14,12682,12682,0,0.98,0.99,13883
polymarket.hype-updown-5m.log.2026-04-21,211,83,13882,13882,0,0.98,0.99,21082
polymarket.hype-updown-5m.log.2026-04-21,212,867,21081,21081,0,0.98,0.99,95483
polymarket.hype-updown-5m.log.2026-04-21,213,109,95482,95482,0,0.98,0.99,104500
polymarket.hype-updown-5m.log.2026-04-21,214,430,1226,1226,0,0.99,0.999,36652
polymarket.hype-updown-5m.log.2026-04-21,215,795,36651,36651,0,0.998,0.999,104565
polymarket.hype-updown-5m.log.2026-04-21,216,271,1321,1321,0,0.91,0.99,22964
polymarket.hype-updown-5m.log.2026-04-21,217,469,22963,22963,0,0.98,0.99,63164
polymarket.hype-updown-5m.log.2026-04-21,218,485,63163,63163,0,0.98,0.99,104578
polymarket.hype-updown-5m.log.2026-04-21,219,1226,1963,2411,448,0.89,0.99,104971
polymarket.hype-updown-5m.log.2026-04-21,220,1226,1384,1384,0,0.97,0.99,104930
polymarket.hype-updown-5m.log.2026-04-21,221,1226,1738,1738,0,0.9,0.99,104938
polymarket.hype-updown-5m.log.2026-04-21,222,1225,1908,1908,0,0.9,0.99,104562
polymarket.hype-updown-5m.log.2026-04-21,223,1225,1880,1880,0,0.98,0.99,104518
polymarket.hype-updown-5m.log.2026-04-21,224,1226,2400,2400,0,0.65,0.99,104999
polymarket.hype-updown-5m.log.2026-04-21,225,537,1354,,,,,45770
polymarket.hype-updown-5m.log.2026-04-21,226,379,45769,,,,,78172
polymarket.hype-updown-5m.log.2026-04-21,227,309,78171,,,,,104573
polymarket.hype-updown-5m.log.2026-04-21,228,500,1181,1181,0,0.98,0.99,42764
polymarket.hype-updown-5m.log.2026-04-21,229,725,42763,42763,0,0.98,0.99,104596
polymarket.hype-updown-5m.log.2026-04-21,230,1225,1809,1809,0,0.92,0.99,104583
polymarket.hype-updown-5m.log.2026-04-21,231,1226,1733,1733,0,0.46,0.98,104936
polymarket.hype-updown-5m.log.2026-04-21,232,185,1368,1368,0,0.98,0.99,15624
polymarket.hype-updown-5m.log.2026-04-21,233,640,15623,15623,0,0.92,0.99,70399
polymarket.hype-updown-5m.log.2026-04-21,234,14,70398,70398,0,0.98,0.99,71598
polymarket.hype-updown-5m.log.2026-04-21,235,386,71597,71597,0,0.98,0.99,104598
polymarket.hype-updown-5m.log.2026-04-21,236,1225,1286,,,,,104592
polymarket.hype-updown-5m.log.2026-04-21,237,1227,1110,1110,0,0.01,0.86,104983
polymarket.hype-updown-5m.log.2026-04-21,238,45,1984,2381,397,0.98,0.99,3611
polymarket.hype-updown-5m.log.2026-04-21,239,43,3610,3610,0,0.69,0.99,7213
polymarket.hype-updown-5m.log.2026-04-21,240,1138,7212,7212,0,0.69,0.99,104982
polymarket.hype-updown-5m.log.2026-04-21,241,1011,1302,1311,9,0.95,0.99,86532
polymarket.hype-updown-5m.log.2026-04-21,242,214,86531,86531,0,0.86,0.89,104589
polymarket.hype-updown-5m.log.2026-04-21,243,90,1615,1615,0,0.91,0.94,7277
polymarket.hype-updown-5m.log.2026-04-21,244,1136,7276,7276,0,0.98,0.99,104817
polymarket.hype-updown-5m.log.2026-04-21,245,557,1803,,,,,47447
polymarket.hype-updown-5m.log.2026-04-21,246,554,47446,,,,,94850
polymarket.hype-updown-5m.log.2026-04-21,247,114,94849,,,,,104463
polymarket.hype-updown-5m.log.2026-04-21,248,1225,1213,1213,0,0.995,0.999,104538
polymarket.hype-updown-5m.log.2026-04-21,249,1227,1784,1784,0,0.56,0.74,104984
polymarket.hype-updown-5m.log.2026-04-21,250,1225,1884,1884,0,0.48,0.95,104530
polymarket.hype-updown-5m.log.2026-04-21,251,1226,1842,1842,0,0.98,0.99,104854
polymarket.hype-updown-5m.log.2026-04-21,252,565,1683,1683,0,0.2,0.94,48014
polymarket.hype-updown-5m.log.2026-04-21,253,397,48013,48577,564,0.91,0.95,82203
polymarket.hype-updown-5m.log.2026-04-21,254,265,82202,82202,0,0.77,0.99,104978
polymarket.hype-updown-5m.log.2026-04-21,255,1225,2479,,,,,104591
polymarket.hype-updown-5m.log.2026-04-21,256,1225,2481,2481,0,0.98,0.99,104561
polymarket.hype-updown-5m.log.2026-04-21,257,1225,1147,1166,19,0.9,0.99,104516
polymarket.hype-updown-5m.log.2026-04-21,258,1225,1205,,,,,104576
polymarket.hype-updown-5m.log.2026-04-21,259,1051,1943,,,,,90146
polymarket.hype-updown-5m.log.2026-04-21,260,174,90144,,,,,104583
polymarket.hype-updown-5m.log.2026-04-21,261,237,1267,,,,,19921
polymarket.hype-updown-5m.log.2026-04-21,262,988,19920,,,,,104520
polymarket.hype-updown-5m.log.2026-04-21,263,1226,1699,1699,0,0.01,0.45,104900
polymarket.hype-updown-5m.log.2026-04-21,264,1226,1877,1878,1,0.77,0.99,104883
polymarket.hype-updown-5m.log.2026-04-21,265,328,1053,1053,0,0.95,0.96,27649
polymarket.hype-updown-5m.log.2026-04-21,266,129,27648,27648,0,0.9,0.97,39015
polymarket.hype-updown-5m.log.2026-04-21,267,367,39011,39011,0,0.98,0.99,70249
polymarket.hype-updown-5m.log.2026-04-21,268,402,70248,70248,0,0.9,0.97,104811
polymarket.hype-updown-5m.log.2026-04-21,269,1225,1184,1184,0,0.98,0.99,104590
polymarket.hype-updown-5m.log.2026-04-21,270,276,1255,,,,,23485
polymarket.hype-updown-5m.log.2026-04-21,271,24,23484,,,,,25300
polymarket.hype-updown-5m.log.2026-04-21,272,819,25299,,,,,95502
polymarket.hype-updown-5m.log.2026-04-21,273,41,95501,,,,,99101
polymarket.hype-updown-5m.log.2026-04-21,274,19,99100,,,,,100886
polymarket.hype-updown-5m.log.2026-04-21,275,46,100885,,,,,104500
polymarket.hype-updown-5m.log.2026-04-21,276,60,1135,,,,,4819
polymarket.hype-updown-5m.log.2026-04-21,277,77,4818,,,,,11419
polymarket.hype-updown-5m.log.2026-04-21,278,7,11418,,,,,12019
polymarket.hype-updown-5m.log.2026-04-21,279,56,12018,,,,,16819
polymarket.hype-updown-5m.log.2026-04-21,280,1025,16818,,,,,104449
polymarket.sol-updown-5m.log.2026-04-18,0,31,,,,,,18047
polymarket.sol-updown-5m.log.2026-04-18,1,48,,,,,,28351
polymarket.sol-updown-5m.log.2026-04-18,2,17,,,,,,9681
polymarket.sol-updown-5m.log.2026-04-18,3,48,,,,,,28201
polymarket.sol-updown-5m.log.2026-04-18,4,17,,,,,,9713
polymarket.sol-updown-5m.log.2026-04-18,5,31,,,,,,18084
polymarket.sol-updown-5m.log.2026-04-18,6,49,,,,,,28878
polymarket.sol-updown-5m.log.2026-04-18,7,52,,,,,,30649
polymarket.sol-updown-5m.log.2026-04-18,8,37,,,,,,21603
polymarket.sol-updown-5m.log.2026-04-18,9,50,,,,,,29506
polymarket.sol-updown-5m.log.2026-04-18,10,19,,,,,,10918
polymarket.sol-updown-5m.log.2026-04-18,11,38,,,,,,22264
polymarket.sol-updown-5m.log.2026-04-18,12,6,,,,,,3201
polymarket.sol-updown-5m.log.2026-04-18,13,22,,,,,,12666
polymarket.sol-updown-5m.log.2026-04-18,14,46,,,,,,26999
polymarket.sol-updown-5m.log.2026-04-18,15,48,,,,,,28386
polymarket.sol-updown-5m.log.2026-04-18,16,42,,,,,,24604
polymarket.sol-updown-5m.log.2026-04-18,17,34,,,,,,19847
polymarket.sol-updown-5m.log.2026-04-18,18,41,,,,,,24100
polymarket.sol-updown-5m.log.2026-04-18,19,33,,,,,,19277
polymarket.sol-updown-5m.log.2026-04-18,20,47,,,,,,27709
polymarket.sol-updown-5m.log.2026-04-18,21,45,,,,,,26501
polymarket.sol-updown-5m.log.2026-04-18,22,46,,,,,,27195
polymarket.sol-updown-5m.log.2026-04-18,24,50,,,,,,29427
polymarket.sol-updown-5m.log.2026-04-18,25,48,,,,,,28345
polymarket.sol-updown-5m.log.2026-04-18,26,46,,,,,,27060
polymarket.sol-updown-5m.log.2026-04-18,27,54,,,,,,31741
polymarket.sol-updown-5m.log.2026-04-18,28,31,,,,,,18071
polymarket.sol-updown-5m.log.2026-04-18,29,40,,,,,,23531
polymarket.sol-updown-5m.log.2026-04-18,30,20,,,,,,11562
polymarket.sol-updown-5m.log.2026-04-18,31,46,,,,,,27029
polymarket.sol-updown-5m.log.2026-04-18,32,48,,,,,,28283
polymarket.sol-updown-5m.log.2026-04-18,33,49,,,,,,28810
polymarket.sol-updown-5m.log.2026-04-18,34,49,,,,,,28871
polymarket.sol-updown-5m.log.2026-04-18,35,29,,,,,,16945
polymarket.sol-updown-5m.log.2026-04-18,36,50,,,,,,29457
polymarket.sol-updown-5m.log.2026-04-18,37,30,,,,,,17583
polymarket.sol-updown-5m.log.2026-04-18,38,49,,,,,,29001
polymarket.sol-updown-5m.log.2026-04-18,39,49,,,,,,28983
polymarket.sol-updown-5m.log.2026-04-18,40,31,,,,,,18168
polymarket.sol-updown-5m.log.2026-04-18,41,51,,,,,,30014
polymarket.sol-updown-5m.log.2026-04-18,42,48,,,,,,28271
polymarket.sol-updown-5m.log.2026-04-18,43,44,,,,,,25888
polymarket.sol-updown-5m.log.2026-04-18,44,22,,,,,,12728
polymarket.sol-updown-5m.log.2026-04-18,45,40,,,,,,23487
polymarket.sol-updown-5m.log.2026-04-18,46,44,,,,,,25974
polymarket.sol-updown-5m.log.2026-04-18,47,48,,,,,,28350
polymarket.sol-updown-5m.log.2026-04-18,48,48,,,,,,28248
polymarket.sol-updown-5m.log.2026-04-18,49,47,,,,,,27618
polymarket.sol-updown-5m.log.2026-04-18,50,48,,,,,,28227
polymarket.sol-updown-5m.log.2026-04-18,51,51,,,,,,30144
polymarket.sol-updown-5m.log.2026-04-18,52,48,,,,,,28376
polymarket.sol-updown-5m.log.2026-04-18,53,51,,,,,,30041
polymarket.sol-updown-5m.log.2026-04-18,54,35,,,,,,20451
polymarket.sol-updown-5m.log.2026-04-18,55,45,,,,,,26414
polymarket.sol-updown-5m.log.2026-04-18,56,46,,,,,,27178
polymarket.sol-updown-5m.log.2026-04-18,57,47,,,,,,27643
polymarket.sol-updown-5m.log.2026-04-18,58,45,,,,,,26520
polymarket.sol-updown-5m.log.2026-04-18,59,48,,,,,,28204
polymarket.sol-updown-5m.log.2026-04-18,60,51,,,,,,30109
polymarket.sol-updown-5m.log.2026-04-18,61,28,,,,,,16295
polymarket.sol-updown-5m.log.2026-04-18,62,49,,,,,,28805
polymarket.sol-updown-5m.log.2026-04-18,63,41,,,,,,24101
polymarket.sol-updown-5m.log.2026-04-18,64,48,,,,,,28344
polymarket.sol-updown-5m.log.2026-04-18,65,49,,,,,,28850
polymarket.sol-updown-5m.log.2026-04-18,66,42,,,,,,24690
polymarket.sol-updown-5m.log.2026-04-18,67,49,,,,,,28915
polymarket.sol-updown-5m.log.2026-04-18,68,39,,,,,,22806
polymarket.sol-updown-5m.log.2026-04-18,69,50,,,,,,29568
polymarket.sol-updown-5m.log.2026-04-19,0,102,1880,1880,0,0.95,0.99,30113
polymarket.sol-updown-5m.log.2026-04-19,1,24,1254,,,,,6783
polymarket.sol-updown-5m.log.2026-04-19,2,86,1838,,,,,25252
polymarket.sol-updown-5m.log.2026-04-19,3,49,1314,1314,0,0.98,0.99,18714
polymarket.sol-updown-5m.log.2026-04-19,4,40,1934,1934,0,0.98,0.99,23535
polymarket.sol-updown-5m.log.2026-04-19,5,50,1238,1238,0,0.97,0.99,29455
polymarket.sol-updown-5m.log.2026-04-19,6,51,,,,,,29906
polymarket.sol-updown-5m.log.2026-04-19,7,46,,,,,,27112
polymarket.sol-updown-5m.log.2026-04-19,8,41,1954,1954,0,0.98,0.99,24155
polymarket.sol-updown-5m.log.2026-04-19,9,49,1848,,,,,28849
polymarket.sol-updown-5m.log.2026-04-19,10,40,,,,,,23527
polymarket.sol-updown-5m.log.2026-04-19,11,37,1273,1273,0,0.98,0.99,21674
polymarket.sol-updown-5m.log.2026-04-19,12,48,1210,,,,,28267
polymarket.sol-updown-5m.log.2026-04-19,13,51,1785,1785,0,0.98,0.99,29986
polymarket.sol-updown-5m.log.2026-04-19,14,43,1312,1312,0,0.98,0.99,25310
polymarket.sol-updown-5m.log.2026-04-19,15,19,1862,1862,0,0.98,0.99,10862
polymarket.sol-updown-5m.log.2026-04-19,16,42,1949,,,,,24749
polymarket.sol-updown-5m.log.2026-04-19,17,49,1841,,,,,28917
polymarket.sol-updown-5m.log.2026-04-19,18,41,1916,,,,,24114
polymarket.sol-updown-5m.log.2026-04-19,19,49,1369,1369,0,0.98,0.99,28969
polymarket.sol-updown-5m.log.2026-04-19,20,37,,,,,,21686
polymarket.sol-updown-5m.log.2026-04-19,21,50,1275,1275,0,0.98,0.99,29476
polymarket.sol-updown-5m.log.2026-04-19,22,44,1877,1877,0,0.98,0.99,25877
polymarket.sol-updown-5m.log.2026-04-19,23,51,1261,,,,,30060
polymarket.sol-updown-5m.log.2026-04-19,24,52,1636,1636,0,0.1,0.8,30435
polymarket.xrp-updown-5m.log.2026-04-18,0,47,,,,,,27658
polymarket.xrp-updown-5m.log.2026-04-18,1,25,,,,,,14600
polymarket.xrp-updown-5m.log.2026-04-18,2,46,,,,,,27197
polymarket.xrp-updown-5m.log.2026-04-18,3,46,,,,,,27125
polymarket.xrp-updown-5m.log.2026-04-18,4,7,,,,,,3636
polymarket.xrp-updown-5m.log.2026-04-18,5,45,,,,,,26528
polymarket.xrp-updown-5m.log.2026-04-18,6,41,,,,,,24084
polymarket.xrp-updown-5m.log.2026-04-18,7,26,,,,,,15010
polymarket.xrp-updown-5m.log.2026-04-18,8,48,,,,,,28299
polymarket.xrp-updown-5m.log.2026-04-18,9,35,,,,,,20417
polymarket.xrp-updown-5m.log.2026-04-18,10,27,,,,,,15764
polymarket.xrp-updown-5m.log.2026-04-18,11,44,,,,,,25876
polymarket.xrp-updown-5m.log.2026-04-18,12,18,,,,,,10216
polymarket.xrp-updown-5m.log.2026-04-18,13,19,,,,,,10868
polymarket.xrp-updown-5m.log.2026-04-18,14,51,,,,,,30028
polymarket.xrp-updown-5m.log.2026-04-18,15,39,,,,,,22962
polymarket.xrp-updown-5m.log.2026-04-18,16,41,,,,,,24076
polymarket.xrp-updown-5m.log.2026-04-18,17,49,,,,,,28813
polymarket.xrp-updown-5m.log.2026-04-18,18,49,,,,,,28898
polymarket.xrp-updown-5m.log.2026-04-18,19,44,,,,,,25989
polymarket.xrp-updown-5m.log.2026-04-18,20,52,,,,,,30599
polymarket.xrp-updown-5m.log.2026-04-18,21,24,,,,,,13947
polymarket.xrp-updown-5m.log.2026-04-18,22,30,,,,,,17456
polymarket.xrp-updown-5m.log.2026-04-18,23,43,,,,,,25339
polymarket.xrp-updown-5m.log.2026-04-18,24,21,,,,,,12059
polymarket.xrp-updown-5m.log.2026-04-18,25,50,,,,,,29535
polymarket.xrp-updown-5m.log.2026-04-18,26,54,,,,,,31682
polymarket.xrp-updown-5m.log.2026-04-18,27,49,,,,,,28885
polymarket.xrp-updown-5m.log.2026-04-18,28,49,,,,,,28821
polymarket.xrp-updown-5m.log.2026-04-18,29,50,,,,,,29492
polymarket.xrp-updown-5m.log.2026-04-18,30,30,,,,,,17544
polymarket.xrp-updown-5m.log.2026-04-18,31,15,,,,,,8436
polymarket.xrp-updown-5m.log.2026-04-18,32,41,,,,,,24096
polymarket.xrp-updown-5m.log.2026-04-18,33,43,,,,,,25268
polymarket.xrp-updown-5m.log.2026-04-18,34,26,,,,,,15137
polymarket.xrp-updown-5m.log.2026-04-18,35,51,,,,,,30102
polymarket.xrp-updown-5m.log.2026-04-18,36,46,,,,,,27082
polymarket.xrp-updown-5m.log.2026-04-18,37,50,,,,,,29424
polymarket.xrp-updown-5m.log.2026-04-18,38,38,,,,,,22270
polymarket.xrp-updown-5m.log.2026-04-18,39,41,,,,,,24097
polymarket.xrp-updown-5m.log.2026-04-18,40,43,,,,,,25204
polymarket.xrp-updown-5m.log.2026-04-18,41,30,,,,,,17572
polymarket.xrp-updown-5m.log.2026-04-18,42,53,,,,,,31248
polymarket.xrp-updown-5m.log.2026-04-18,43,47,,,,,,27750
polymarket.xrp-updown-5m.log.2026-04-18,44,23,,,,,,13348
polymarket.xrp-updown-5m.log.2026-04-18,45,42,,,,,,24666
polymarket.xrp-updown-5m.log.2026-04-18,46,11,,,,,,6199
polymarket.xrp-updown-5m.log.2026-04-18,47,51,,,,,,30121
polymarket.xrp-updown-5m.log.2026-04-18,48,23,,,,,,13391
polymarket.xrp-updown-5m.log.2026-04-18,49,43,,,,,,25266
polymarket.xrp-updown-5m.log.2026-04-18,50,44,,,,,,25943
polymarket.xrp-updown-5m.log.2026-04-18,51,29,,,,,,16885
polymarket.xrp-updown-5m.log.2026-04-18,52,48,,,,,,28257
polymarket.xrp-updown-5m.log.2026-04-18,53,49,,,,,,28930
polymarket.xrp-updown-5m.log.2026-04-18,54,23,,,,,,13296
polymarket.xrp-updown-5m.log.2026-04-18,55,51,,,,,,29976
polymarket.xrp-updown-5m.log.2026-04-18,56,15,,,,,,8550
polymarket.xrp-updown-5m.log.2026-04-18,57,48,,,,,,28223
polymarket.xrp-updown-5m.log.2026-04-18,58,48,,,,,,28376
polymarket.xrp-updown-5m.log.2026-04-18,59,51,,,,,,29950
polymarket.xrp-updown-5m.log.2026-04-18,60,50,,,,,,29540
polymarket.xrp-updown-5m.log.2026-04-18,61,51,,,,,,30001
polymarket.xrp-updown-5m.log.2026-04-18,62,72,1272,,,,,21073
polymarket.xrp-updown-5m.log.2026-04-19,0,90,1868,1868,0,0.98,0.99,26511
polymarket.xrp-updown-5m.log.2026-04-19,1,26,1304,,,,,7366
polymarket.xrp-updown-5m.log.2026-04-19,2,88,1821,1821,0,0.98,0.99,25857
polymarket.xrp-updown-5m.log.2026-04-19,3,68,1228,1228,0,0.996,0.999,30074
polymarket.xrp-updown-5m.log.2026-04-19,4,28,1885,1885,0,0.97,0.99,16286
polymarket.xrp-updown-5m.log.2026-04-19,5,51,1873,1873,0,0.86,0.99,30074
polymarket.xrp-updown-5m.log.2026-04-19,6,45,,,,,,26513
polymarket.xrp-updown-5m.log.2026-04-19,7,46,,,,,,27125
polymarket.xrp-updown-5m.log.2026-04-19,8,25,1813,1813,0,0.98,0.99,14414
polymarket.xrp-updown-5m.log.2026-04-19,9,49,1848,1848,0,0.95,0.99,28848
polymarket.xrp-updown-5m.log.2026-04-19,10,49,,,,,,29146
polymarket.xrp-updown-5m.log.2026-04-19,11,53,1108,1108,0,0.98,0.99,31074
polymarket.xrp-updown-5m.log.2026-04-19,12,35,1252,,,,,20469
polymarket.xrp-updown-5m.log.2026-04-19,13,41,1805,,,,,24004
polymarket.xrp-updown-5m.log.2026-04-19,14,49,1313,,,,,28913
polymarket.xrp-updown-5m.log.2026-04-19,15,44,1812,,,,,25815
polymarket.xrp-updown-5m.log.2026-04-19,16,43,1920,1920,0,0.89,0.99,25321
polymarket.xrp-updown-5m.log.2026-04-19,17,31,1378,1378,0,0.97,0.99,18178
polymarket.xrp-updown-5m.log.2026-04-19,18,40,,,,,,23484
polymarket.xrp-updown-5m.log.2026-04-19,19,53,1662,1662,0,0.98,0.99,31062
polymarket.xrp-updown-5m.log.2026-04-19,20,48,1887,,,,,28288
polymarket.xrp-updown-5m.log.2026-04-19,21,47,1243,,,,,27643
polymarket.xrp-updown-5m.log.2026-04-19,22,42,1343,,,,,24744
polymarket.xrp-updown-5m.log.2026-04-19,23,11,1224,,,,,6021
